GRE,TOEFL,UNDERGRAD,WORK EX,YEAR,UNIVERSITY,STATUS
330.0,101.0,8.96,4.0,Fall 2020,ncsu,2
324.0,107.0,7.39,4.0,Fall 2020,ncsu,2
311.0,105.0,9.34,1.0,Fall 2020,ncsu,2
319.0,106.0,9.1,21.0,Fall 2020,ncsu,2
319.0,107.0,8.38,0.0,Fall 2020,ncsu,2
307.0,93.0,9.0,6.0,Fall 2020,ncsu,2
320.0,101.0,9.02,6.0,Fall 2020,ncsu,2
314.0,114.0,8.8,27.0,Fall 2020,ncsu,2
332.0,114.0,9.21,16.0,Fall 2020,ncsu,2
306.0,8.0,7.7,32.0,Fall 2020,ncsu,2
317.0,101.0,8.28,63.0,Fall 2020,ncsu,2
320.0,106.0,8.74,4.0,Fall 2020,ncsu,2
322.0,114.0,8.9,0.0,Fall 2020,ncsu,2
312.0,104.0,9.72,33.0,Fall 2020,ncsu,2
319.0,107.0,8.12,2.0,Fall 2020,ncsu,2
323.0,98.0,8.37,16.0,Fall 2020,ncsu,2
322.0,112.0,9.77,0.0,Fall 2020,ncsu,2
316.0,107.0,9.15,0.0,Fall 2020,ncsu,2
319.0,114.0,8.43,1.0,Fall 2020,ncsu,2
323.0,112.0,8.5,0.0,Fall 2020,ncsu,2
312.0,114.0,8.05,2.0,Fall 2020,ncsu,2
326.0,108.0,9.36,0.0,Fall 2020,ncsu,2
312.0,114.0,9.22,18.0,Fall 2020,ncsu,2
321.0,109.0,71.27,18.0,Fall 2020,ncsu,2
317.0,103.0,9.4,26.0,Fall 2020,ncsu,2
314.0,94.0,7.73,19.0,Fall 2020,ncsu,2
315.0,107.0,9.25,5.0,Fall 2020,ncsu,2
320.0,104.0,82.0,34.0,Fall 2020,ncsu,2
323.0,108.0,8.6,0.0,Fall 2020,ncsu,2
324.0,110.0,9.18,10.0,Fall 2020,ncsu,2
313.0,103.0,81.83,26.0,Fall 2020,ncsu,2
309.0,96.0,9.6,1.0,Fall 2020,ncsu,2
321.0,102.0,9.1,31.0,Fall 2020,ncsu,2
316.0,103.0,9.23,40.0,Fall 2020,ncsu,2
316.0,95.0,7.68,17.0,Fall 2020,ncsu,2
320.0,103.0,7.8,24.0,Fall 2020,ncsu,2
328.0,108.0,72.1,17.0,Fall 2020,ncsu,2
318.0,106.0,7.95,4.0,Fall 2020,ncsu,2
326.0,114.0,8.18,8.0,Fall 2020,ncsu,2
315.0,102.0,9.31,6.0,Fall 2019,ncsu,2
318.0,89.0,8.0,24.0,Fall 2019,ncsu,2
321.0,114.0,8.1,0.0,Fall 2020,ncsu,2
323.0,114.0,9.16,0.0,Fall 2020,ncsu,2
333.0,114.0,8.1,37.0,Fall 2020,ncsu,2
313.0,98.0,78.0,13.0,Fall 2020,ncsu,2
318.0,110.0,8.83,2.0,Fall 2020,ncsu,2
320.0,0.0,9.4,23.0,Fall 2020,ncsu,2
327.0,108.0,9.35,26.0,Fall 2020,ncsu,2
320.0,101.0,83.0,34.0,Fall 2020,ncsu,2
322.0,101.0,8.54,6.0,Fall 2020,ncsu,2
322.0,106.0,8.43,18.0,Fall 2020,ncsu,2
320.0,110.0,93.4,24.0,Fall 2020,ncsu,2
326.0,115.0,8.98,2.0,Fall 2020,ncsu,2
323.0,107.0,9.18,24.0,Fall 2019,ncsu,2
325.0,112.0,9.0,1.0,Fall 2020,ncsu,2
329.0,110.0,8.73,58.0,Fall 2020,ncsu,2
320.0,94.0,77.6,38.0,Fall 2020,ncsu,2
317.0,108.0,9.56,19.0,Fall 2020,ncsu,2
327.0,108.0,8.6,22.0,Fall 2020,ncsu,2
325.0,110.0,8.8,12.0,Fall 2020,ncsu,2
316.0,101.0,84.0,0.0,Fall 2020,ncsu,2
324.0,113.0,9.2,7.0,Fall 2020,ncsu,2
323.0,114.0,9.75,5.0,Fall 2020,ncsu,2
314.0,93.0,83.0,3.0,Fall 2020,ncsu,2
323.0,105.0,8.7,1.0,Fall 2020,ncsu,2
330.0,112.0,9.08,0.0,Fall 2020,ncsu,2
321.0,108.0,7.9,0.0,Fall 2020,ncsu,2
322.0,117.0,8.92,2.0,Fall 2020,ncsu,2
320.0,109.0,9.27,2.0,Fall 2020,ncsu,2
324.0,109.0,9.47,18.0,Fall 2020,ncsu,2
323.0,104.0,8.53,6.0,Fall 2020,ncsu,2
327.0,110.0,9.42,56.0,Fall 2020,ncsu,2
308.0,105.0,8.36,8.0,Fall 2020,ncsu,2
314.0,110.0,9.1,0.0,Fall 2020,ncsu,2
315.0,102.0,8.8,1.0,Fall 2020,ncsu,2
314.0,101.0,9.51,3.0,Fall 2020,ncsu,2
313.0,101.0,9.12,0.0,Fall 2020,ncsu,2
324.0,108.0,9.14,1.0,Fall 2020,ncsu,2
322.0,106.0,9.01,20.0,Fall 2020,ncsu,2
324.0,111.0,9.6,3.0,Fall 2020,ncsu,2
318.0,103.0,8.2,16.0,Fall 2020,ncsu,2
310.0,92.0,8.39,29.0,Fall 2020,ncsu,2
321.0,100.0,8.2,2.0,Fall 2020,ncsu,2
324.0,111.0,8.37,7.0,Fall 2020,ncsu,2
319.0,107.0,7.83,13.0,Fall 2020,ncsu,2
322.0,103.0,8.8,8.0,Fall 2020,ncsu,2
325.0,112.0,8.43,1.0,Fall 2020,ncsu,2
325.0,108.0,7.88,14.0,Fall 2020,ncsu,2
316.0,107.0,76.4,15.0,Fall 2020,ncsu,2
323.0,112.0,8.11,2.0,Fall 2020,ncsu,2
319.0,109.0,8.84,9.0,Fall 2020,ncsu,2
320.0,99.0,7.75,40.0,Fall 2020,ncsu,2
323.0,111.0,75.0,16.0,Fall 2020,ncsu,2
314.0,107.0,9.36,18.0,Fall 2020,ncsu,2
313.0,107.0,9.15,33.0,Fall 2020,ncsu,2
324.0,106.0,7.73,13.0,Fall 2020,ncsu,2
318.0,106.0,75.0,0.0,Fall 2020,ncsu,2
323.0,108.0,8.54,0.0,Fall 2020,ncsu,2
314.0,100.0,8.2,3.0,Fall 2020,ncsu,2
323.0,112.0,9.4,1.0,Fall 2020,ncsu,2
321.0,105.0,8.71,0.0,Fall 2020,ncsu,2
314.0,94.0,8.13,6.0,Fall 2020,ncsu,2
322.0,97.0,8.53,0.0,Fall 2020,ncsu,2
313.0,101.0,7.76,0.0,Fall 2020,ncsu,2
323.0,106.0,8.93,12.0,Fall 2020,ncsu,2
333.0,117.0,7.35,42.0,Fall 2020,ncsu,2
323.0,106.0,8.2,2.0,Fall 2020,ncsu,2
316.0,103.0,7.59,24.0,Fall 2020,ncsu,2
322.0,111.0,8.38,27.0,Fall 2020,ncsu,2
323.0,102.0,8.9,3.0,Fall 2020,ncsu,2
332.0,104.0,8.75,17.0,Fall 2020,ncsu,2
319.0,98.0,8.5,17.0,Fall 2020,ncsu,2
331.0,108.0,8.78,20.0,Fall 2020,ncsu,2
314.0,98.0,8.66,0.0,Fall 2019,ncsu,2
324.0,109.0,8.26,20.0,Fall 2020,ncsu,2
321.0,114.0,9.14,20.0,Fall 2020,ncsu,2
317.0,102.0,8.25,30.0,Fall 2020,ncsu,2
320.0,101.0,9.35,18.0,Fall 2020,ncsu,2
321.0,109.0,8.33,32.0,Fall 2020,ncsu,2
307.0,96.0,9.43,60.0,Fall 2020,ncsu,2
320.0,106.0,8.55,20.0,Fall 2020,ncsu,2
334.0,114.0,8.22,5.0,Fall 2020,ncsu,2
319.0,99.0,8.96,15.0,Fall 2020,ncsu,2
321.0,118.0,9.15,17.0,Fall 2020,ncsu,2
320.0,95.0,82.06,16.0,Fall 2020,ncsu,2
327.0,119.0,8.68,25.0,Fall 2020,ncsu,2
320.0,102.0,76.0,8.0,Fall 2020,ncsu,2
316.0,103.0,8.42,2.0,Fall 2020,ncsu,2
327.0,106.0,8.34,9.0,Fall 2020,ncsu,2
324.0,111.0,8.78,8.0,Fall 2020,ncsu,2
323.0,109.0,9.06,1.0,Fall 2020,ncsu,2
324.0,111.0,8.77,0.0,Fall 2020,ncsu,2
326.0,111.0,8.09,31.0,Fall 2020,ncsu,2
318.0,110.0,8.8,0.0,Fall 2020,ncsu,2
323.0,114.0,8.94,23.0,Fall 2020,ncsu,2
316.0,105.0,8.99,1.0,Fall 2020,ncsu,2
316.0,104.0,8.82,7.0,Fall 2020,ncsu,2
321.0,112.0,72.5,0.0,Fall 2020,ncsu,2
311.0,110.0,9.27,28.0,Fall 2020,ncsu,2
322.0,106.0,8.56,1.0,Fall 2020,ncsu,2
315.0,111.0,74.0,15.0,Fall 2020,ncsu,2
319.0,100.0,9.24,0.0,Fall 2020,ncsu,2
318.0,108.0,9.35,21.0,Fall 2020,ncsu,2
313.0,94.0,9.44,18.0,Fall 2020,ncsu,2
327.0,109.0,9.0,13.0,Fall 2020,ncsu,2
325.0,111.0,8.9,15.0,Fall 2020,ncsu,2
324.0,114.0,9.23,5.0,Fall 2020,ncsu,2
324.0,109.0,8.8,33.0,Fall 2020,ncsu,2
321.0,108.0,9.45,47.0,Fall 2020,ncsu,2
326.0,112.0,8.19,30.0,Fall 2020,ncsu,2
323.0,105.0,9.44,0.0,Fall 2020,ncsu,2
317.0,99.0,9.52,18.0,Fall 2020,ncsu,2
322.0,108.0,7.64,2.0,Fall 2020,ncsu,2
309.0,98.0,80.0,40.0,Fall 2019,ncsu,2
319.0,107.0,9.41,17.0,Fall 2020,ncsu,2
318.0,103.0,83.0,15.0,Fall 2020,ncsu,2
323.0,114.0,9.25,0.0,Fall 2020,ncsu,2
314.0,91.0,9.28,26.0,Fall 2020,ncsu,2
326.0,117.0,9.6,30.0,Fall 2020,ncsu,2
314.0,99.0,8.78,18.0,Fall 2020,ncsu,2
317.0,106.0,80.23,24.0,Fall 2020,ncsu,2
320.0,108.0,8.64,6.0,Fall 2020,ncsu,2
315.0,107.0,82.0,19.0,Fall 2020,ncsu,2
320.0,100.0,9.09,0.0,Fall 2020,ncsu,2
323.0,110.0,9.7,0.0,Fall 2020,ncsu,2
311.0,102.0,8.87,40.0,Fall 2020,ncsu,2
326.0,111.0,9.533,24.0,Fall 2020,ncsu,2
329.0,116.0,9.45,3.0,Fall 2020,ncsu,2
327.0,112.0,8.89,3.0,Fall 2020,ncsu,2
318.0,111.0,8.7,35.0,Fall 2020,ncsu,2
322.0,110.0,9.57,7.0,Fall 2020,ncsu,2
312.0,100.0,8.42,0.0,Fall 2020,ncsu,2
336.0,118.0,8.47,18.0,Fall 2020,ncsu,2
323.0,109.0,7.1,1.0,Fall 2020,ncsu,2
323.0,111.0,8.17,33.0,Fall 2020,ncsu,2
320.0,102.0,9.22,0.0,Fall 2020,ncsu,2
315.0,106.0,9.01,16.0,Fall 2020,ncsu,2
315.0,111.0,9.3,12.0,Fall 2020,ncsu,2
318.0,108.0,83.0,13.0,Fall 2020,ncsu,2
316.0,97.0,9.02,0.0,Fall 2020,ncsu,2
321.0,105.0,9.64,2.0,Fall 2020,ncsu,2
319.0,105.0,8.97,8.0,Fall 2020,ncsu,2
325.0,101.0,8.1,0.0,Fall 2020,ncsu,2
325.0,110.0,9.5,40.0,Fall 2020,ncsu,2
315.0,100.0,9.04,17.0,Fall 2020,ncsu,2
307.0,109.0,9.45,2.0,Fall 2020,ncsu,2
320.0,115.0,9.33,0.0,Fall 2020,ncsu,2
325.0,105.0,9.5,38.0,Fall 2020,ncsu,2
331.0,116.0,9.5,18.0,Fall 2020,ncsu,2
321.0,102.0,7.71,40.0,Fall 2020,ncsu,2
319.0,111.0,7.83,0.0,Fall 2020,ncsu,2
315.0,100.0,8.6,2.0,Fall 2020,ncsu,2
316.0,104.0,7.36,6.0,Fall 2020,ncsu,2
308.0,102.0,72.6285,7.0,Fall 2019,ncsu,2
314.0,107.0,8.5,0.0,Fall 2018,ncsu,2
313.0,101.0,66.44,43.0,Spring 2020,ncsu,2
320.0,108.0,8.73,2.0,Spring 2020,ncsu,2
314.0,98.0,81.68,53.0,Fall 2019,ncsu,2
318.0,104.0,9.38,17.0,Fall 2019,ncsu,2
326.0,112.0,8.86,23.0,Fall 2019,ncsu,2
319.0,104.0,78.28,30.0,Fall 2019,ncsu,2
328.0,116.0,8.06,2.0,Fall 2019,ncsu,2
316.0,103.0,8.6,0.0,Fall 2019,ncsu,2
311.0,104.0,7.3,0.0,Fall 2019,ncsu,2
313.0,105.0,8.5,39.0,Fall 2019,ncsu,2
320.0,117.0,8.91,18.0,Fall 2019,ncsu,2
322.0,114.0,8.04,24.0,Fall 2019,ncsu,2
327.0,117.0,9.2,4.0,Fall 2019,ncsu,2
328.0,112.0,9.43,2.0,Fall 2019,ncsu,2
322.0,103.0,7.31,26.0,Fall 2019,ncsu,2
324.0,113.0,8.92,0.0,Fall 2019,ncsu,2
317.0,100.0,9.56,26.0,Fall 2019,ncsu,2
316.0,95.0,73.0,60.0,Fall 2019,ncsu,2
317.0,104.0,8.21,2.0,Fall 2019,ncsu,2
320.0,107.0,76.0,23.0,Fall 2019,ncsu,2
319.0,92.0,8.0,12.0,Fall 2019,ncsu,2
324.0,108.0,82.3,6.0,Fall 2019,ncsu,2
326.0,109.0,8.17,0.0,Fall 2019,ncsu,2
317.0,0.0,82.0,0.0,Fall 2019,ncsu,2
317.0,110.0,9.41,13.0,Fall 2019,ncsu,2
318.0,113.0,82.79,3.0,Fall 2019,ncsu,2
325.0,107.0,77.0,9.0,Fall 2019,ncsu,2
316.0,107.0,9.22,2.0,Fall 2018,ncsu,2
320.0,108.0,8.8,18.0,Fall 2020,ncsu,2
324.0,109.0,9.2,13.0,Fall 2019,ncsu,2
315.0,109.0,81.0,37.0,Fall 2019,ncsu,2
322.0,114.0,8.34,1.0,Fall 2019,ncsu,2
321.0,114.0,9.32,22.0,Fall 2019,ncsu,2
316.0,101.0,8.3,29.0,Fall 2019,ncsu,2
324.0,117.0,8.31,57.0,Fall 2019,ncsu,2
320.0,105.0,81.0,28.0,Fall 2019,ncsu,2
323.0,108.0,87.3,14.0,Fall 2019,ncsu,2
320.0,107.0,8.79,41.0,Fall 2019,ncsu,2
321.0,103.0,8.64,38.0,Fall 2019,ncsu,2
314.0,109.0,8.5,0.0,Fall 2019,ncsu,2
318.0,104.0,81.9,0.0,Fall 2019,ncsu,2
323.0,101.0,73.0,15.0,Fall 2019,ncsu,2
318.0,101.0,10.0,12.0,Fall 2019,ncsu,2
332.0,106.0,8.44,22.0,Fall 2019,ncsu,2
321.0,100.0,72.0,7.0,Fall 2019,ncsu,2
316.0,108.0,9.69,30.0,Fall 2019,ncsu,2
329.0,109.0,8.7,2.0,Fall 2018,ncsu,2
318.0,108.0,9.41,28.0,Fall 2018,ncsu,2
322.0,107.0,8.77,0.0,Fall 2019,ncsu,2
322.0,105.0,7.93,25.0,Fall 2019,ncsu,2
316.0,110.0,9.1,21.0,Fall 2019,ncsu,2
321.0,0.0,9.32,0.0,Fall 2019,ncsu,2
312.0,103.0,8.49,60.0,Spring 2019,ncsu,2
317.0,100.0,8.17,0.0,Fall 2019,ncsu,2
316.0,103.0,8.62,19.0,Fall 2019,ncsu,2
327.0,0.0,9.36,0.0,Fall 2019,ncsu,2
329.0,118.0,87.5,15.0,Fall 2019,ncsu,2
325.0,112.0,84.0,36.0,Fall 2019,ncsu,2
314.0,97.0,8.0,0.0,Fall 2019,ncsu,2
328.0,117.0,9.26,5.0,Fall 2019,ncsu,2
324.0,103.0,8.3,46.0,Fall 2019,ncsu,2
328.0,112.0,8.85,19.0,Fall 2019,ncsu,2
322.0,105.0,8.05,19.0,Fall 2019,ncsu,2
320.0,114.0,8.96,6.0,Fall 2019,ncsu,2
318.0,108.0,9.5,34.0,Fall 2019,ncsu,2
317.0,96.0,6.98,9.0,Fall 2019,ncsu,2
320.0,99.0,8.71,37.0,Fall 2019,ncsu,2
318.0,110.0,8.76,17.0,Fall 2019,ncsu,2
316.0,104.0,9.2,20.0,Fall 2019,ncsu,2
324.0,110.0,9.0,0.0,Fall 2019,ncsu,2
329.0,115.0,8.3,0.0,Fall 2019,ncsu,2
320.0,109.0,8.5,2.0,Fall 2019,ncsu,2
324.0,113.0,85.0,5.0,Fall 2019,ncsu,2
322.0,108.0,8.91,20.0,Fall 2019,ncsu,2
321.0,97.0,7.81,3.0,Fall 2019,ncsu,2
333.0,115.0,7.9,2.0,Fall 2019,ncsu,2
320.0,105.0,85.34,31.0,Fall 2019,ncsu,2
324.0,109.0,8.32,21.0,Fall 2019,ncsu,2
320.0,107.0,8.8,0.0,Fall 2019,ncsu,2
320.0,107.0,9.19,4.0,Fall 2019,ncsu,2
327.0,107.0,8.37,5.0,Fall 2019,ncsu,2
326.0,0.0,8.4,25.0,Fall 2019,ncsu,2
318.0,109.0,8.702,0.0,Fall 2019,ncsu,2
324.0,113.0,83.0,12.0,Fall 2019,ncsu,2
319.0,110.0,9.6,26.0,Fall 2018,ncsu,2
317.0,107.0,9.3,0.0,Fall 2019,ncsu,2
314.0,99.0,8.15,12.0,Fall 2019,ncsu,2
318.0,108.0,75.33,15.0,Fall 2019,ncsu,2
317.0,109.0,9.21,2.0,Fall 2019,ncsu,2
320.0,105.0,8.2,0.0,Fall 2019,ncsu,2
321.0,104.0,9.146,8.0,Fall 2019,ncsu,2
323.0,111.0,73.38,0.0,Fall 2019,ncsu,2
316.0,100.0,8.67,9.0,Fall 2019,ncsu,2
315.0,98.0,9.4,6.0,Fall 2019,ncsu,2
326.0,111.0,8.5,0.0,Fall 2019,ncsu,2
317.0,109.0,9.2,2.0,Fall 2019,ncsu,2
319.0,113.0,8.47,14.0,Fall 2019,ncsu,2
318.0,100.0,81.65,14.0,Fall 2018,ncsu,2
319.0,117.0,83.5,23.0,Fall 2019,ncsu,2
314.0,110.0,9.2,5.0,Fall 2019,ncsu,2
321.0,113.0,9.12,1.0,Fall 2019,ncsu,2
330.0,105.0,9.37,3.0,Fall 2019,ncsu,2
321.0,106.0,9.05,4.0,Fall 2019,ncsu,2
320.0,98.0,7.21,4.0,Fall 2019,ncsu,2
324.0,110.0,70.3,13.0,Fall 2019,ncsu,2
318.0,0.0,8.48,2.0,Fall 2019,ncsu,2
323.0,107.0,75.2,0.0,Fall 2019,ncsu,2
316.0,110.0,8.9,18.0,Fall 2019,ncsu,2
319.0,105.0,8.24,0.0,Fall 2019,ncsu,2
322.0,107.0,8.84,0.0,Fall 2019,ncsu,2
312.0,114.0,8.8,14.0,Fall 2019,ncsu,2
315.0,103.0,9.05,21.0,Fall 2019,ncsu,2
319.0,95.0,9.17,20.0,Fall 2019,ncsu,2
320.0,99.0,8.24,25.0,Fall 2019,ncsu,2
317.0,98.0,9.45,29.0,Fall 2019,ncsu,2
319.0,110.0,8.22,39.0,Spring 2020,ncsu,2
330.0,118.0,9.25,10.0,Fall 2019,ncsu,2
322.0,109.0,8.38,17.0,Fall 2019,ncsu,2
320.0,103.0,8.07,5.0,Fall 2019,ncsu,2
322.0,104.0,8.5,8.0,Fall 2019,ncsu,2
335.0,113.0,8.02,0.0,Fall 2019,ncsu,2
324.0,115.0,9.66,0.0,Fall 2019,ncsu,2
326.0,113.0,8.11,10.0,Fall 2019,ncsu,2
318.0,97.0,8.71,11.0,Fall 2019,ncsu,2
327.0,102.0,72.0,14.0,Fall 2018,ncsu,2
321.0,100.0,8.4,3.0,Fall 2019,ncsu,2
322.0,114.0,7.61,63.0,Fall 2019,ncsu,2
326.0,100.0,8.68,50.0,Fall 2019,ncsu,2
332.0,106.0,80.25,16.0,Fall 2019,ncsu,2
321.0,104.0,8.22,0.0,Fall 2019,ncsu,2
324.0,114.0,8.41,20.0,Fall 2019,ncsu,2
321.0,101.0,8.81,7.0,Fall 2019,ncsu,2
314.0,115.0,71.0,36.0,Fall 2019,ncsu,2
320.0,109.0,78.0,0.0,Fall 2019,ncsu,2
322.0,106.0,80.05,21.0,Fall 2019,ncsu,2
316.0,110.0,9.44,26.0,Fall 2019,ncsu,2
326.0,116.0,8.8,3.0,Fall 2019,ncsu,2
312.0,93.0,8.3,12.0,Fall 2019,ncsu,2
323.0,117.0,9.55,5.0,Fall 2019,ncsu,2
319.0,106.0,8.5,16.0,Fall 2019,ncsu,2
335.0,109.0,9.07,6.0,Fall 2018,ncsu,2
315.0,103.0,74.0,40.0,Fall 2019,ncsu,2
327.0,106.0,8.56,24.0,Fall 2019,ncsu,2
325.0,115.0,9.17,15.0,Fall 2020,ncsu,2
316.0,107.0,8.96,0.0,Fall 2019,ncsu,2
329.0,110.0,7.0,52.0,Fall 2019,ncsu,2
318.0,110.0,8.33,0.0,Fall 2019,ncsu,2
322.0,110.0,8.91,6.0,Fall 2019,ncsu,2
324.0,111.0,8.86,1.0,Fall 2019,ncsu,2
328.0,109.0,9.11,0.0,Fall 2019,ncsu,2
327.0,114.0,8.97,0.0,Fall 2019,ncsu,2
316.0,105.0,9.78,39.0,Fall 2019,ncsu,2
320.0,101.0,8.59,17.0,Fall 2019,ncsu,2
325.0,111.0,8.3,18.0,Fall 2019,ncsu,2
329.0,108.0,8.45,16.0,Fall 2019,ncsu,2
332.0,108.0,9.36,6.0,Fall 2019,ncsu,2
318.0,108.0,9.595,9.0,Fall 2019,ncsu,2
324.0,104.0,8.27,30.0,Fall 2019,ncsu,2
327.0,109.0,8.32,8.0,Fall 2018,ncsu,2
319.0,103.0,74.5,33.0,Fall 2019,ncsu,2
325.0,106.0,9.28,2.0,Fall 2019,ncsu,2
323.0,107.0,9.2,20.0,Fall 2019,ncsu,2
320.0,109.0,7.96,1.0,Fall 2019,ncsu,2
325.0,99.0,80.0,0.0,Fall 2019,ncsu,2
325.0,114.0,9.22,34.0,Fall 2019,ncsu,2
314.0,106.0,73.2,23.0,Fall 2019,ncsu,2
327.0,106.0,85.2,17.0,Fall 2019,ncsu,2
320.0,108.0,74.5,24.0,Fall 2019,ncsu,2
319.0,106.0,8.89,29.0,Fall 2019,ncsu,2
317.0,101.0,9.0,18.0,Fall 2019,ncsu,2
315.0,109.0,8.96,6.0,Fall 2019,ncsu,2
325.0,113.0,72.5,39.0,Fall 2019,ncsu,2
315.0,95.0,8.8,0.0,Fall 2019,ncsu,2
318.0,111.0,8.93,30.0,Fall 2019,ncsu,2
321.0,107.0,85.0,53.0,Spring 2020,ncsu,2
313.0,97.0,8.2,0.0,Fall 2019,ncsu,2
321.0,113.0,8.8,2.0,Fall 2019,ncsu,2
333.0,114.0,9.02,2.0,Fall 2019,ncsu,2
328.0,105.0,8.25,36.0,Fall 2019,ncsu,2
318.0,104.0,8.68,9.0,Fall 2019,ncsu,2
316.0,101.0,7.7,12.0,Fall 2019,ncsu,2
314.0,108.0,79.83,5.0,Fall 2019,ncsu,2
325.0,106.0,8.43,2.0,Fall 2019,ncsu,2
316.0,108.0,8.17,36.0,Fall 2019,ncsu,2
323.0,116.0,9.3,22.0,Fall 2019,ncsu,2
323.0,111.0,8.9,3.0,Fall 2018,ncsu,2
320.0,103.0,8.98,4.0,Fall 2019,ncsu,2
316.0,102.0,81.0,6.0,Fall 2019,ncsu,2
328.0,112.0,9.37,0.0,Fall 2019,ncsu,2
319.0,111.0,9.23,14.0,Fall 2019,ncsu,2
325.0,106.0,73.0,8.0,Fall 2019,ncsu,2
325.0,114.0,9.37,9.0,Fall 2019,ncsu,2
323.0,109.0,8.93,0.0,Fall 2019,ncsu,2
312.0,108.0,9.24,2.0,Fall 2019,ncsu,2
323.0,106.0,9.1,19.0,Fall 2019,ncsu,2
319.0,111.0,8.8,90.0,Fall 2019,ncsu,2
321.0,107.0,72.0,27.0,Fall 2019,ncsu,2
317.0,103.0,79.3,12.0,Fall 2019,ncsu,2
331.0,110.0,9.5,9.0,Fall 2019,ncsu,2
321.0,108.0,9.0,25.0,Fall 2018,ncsu,2
322.0,113.0,9.03,3.0,Fall 2019,ncsu,2
327.0,112.0,9.01,4.0,Fall 2019,ncsu,2
310.0,109.0,9.52,5.0,Fall 2019,ncsu,2
328.0,109.0,8.15,9.0,Fall 2019,ncsu,2
325.0,114.0,7.39,27.0,Fall 2019,ncsu,2
329.0,100.0,82.0,65.0,Fall 2019,ncsu,2
331.0,116.0,72.9,37.0,Fall 2019,ncsu,2
316.0,100.0,9.0,40.0,Spring 2019,ncsu,2
316.0,109.0,7.8,0.0,Fall 2018,ncsu,2
323.0,109.0,7.97,24.0,Fall 2018,ncsu,2
333.0,118.0,8.84,6.0,Fall 2018,ncsu,2
320.0,99.0,7.7,13.0,Fall 2018,ncsu,2
323.0,108.0,8.82,15.0,Fall 2018,ncsu,2
311.0,99.0,7.95,7.0,Fall 2018,ncsu,2
327.0,108.0,87.96,12.0,Fall 2018,ncsu,2
312.0,99.0,8.62,36.0,Fall 2018,ncsu,2
329.0,101.0,7.77,9.0,Fall 2018,ncsu,2
315.0,99.0,8.27,36.0,Fall 2018,ncsu,2
322.0,115.0,8.5,2.0,Fall 2018,ncsu,2
323.0,111.0,70.0,18.0,Fall 2018,ncsu,2
323.0,119.0,8.13,0.0,Fall 2017,ncsu,2
319.0,115.0,3.57,0.0,Spring 2019,ncsu,2
324.0,112.0,9.01,0.0,Fall 2018,ncsu,2
300.0,94.0,78.0,24.0,Fall 2018,ncsu,2
316.0,114.0,8.34,0.0,Fall 2018,ncsu,2
323.0,108.0,9.0,33.0,Fall 2018,ncsu,2
320.0,0.0,79.9,25.0,Fall 2018,ncsu,2
311.0,110.0,8.49,16.0,Fall 2018,ncsu,2
327.0,107.0,74.0,9.0,Fall 2018,ncsu,2
320.0,0.0,68.0,30.0,Fall 2018,ncsu,2
312.0,93.0,91.0,8.0,Fall 2018,ncsu,2
318.0,112.0,78.0,2.0,Fall 2018,ncsu,2
325.0,116.0,8.3,0.0,Fall 2018,ncsu,2
325.0,113.0,7.87,45.0,Fall 2018,ncsu,2
323.0,95.0,7.84,30.0,Fall 2018,ncsu,2
335.0,0.0,9.72,3.0,Fall 2018,ncsu,2
330.0,116.0,8.19,0.0,Fall 2018,ncsu,2
321.0,117.0,89.75,2.0,Fall 2018,ncsu,2
313.0,109.0,9.41,2.0,Fall 2018,ncsu,2
316.0,101.0,8.68,22.0,Fall 2018,ncsu,2
299.0,98.0,8.8,24.0,Fall 2018,ncsu,2
313.0,107.0,9.04,3.0,Fall 2018,ncsu,2
316.0,104.0,8.4,8.0,Fall 2018,ncsu,2
311.0,100.0,68.2,26.0,Fall 2018,ncsu,2
331.0,118.0,9.53,0.0,Fall 2018,ncsu,2
318.0,97.0,8.57,37.0,Fall 2018,ncsu,2
319.0,111.0,8.9,0.0,Fall 2018,ncsu,2
326.0,0.0,9.07,0.0,Fall 2018,ncsu,2
322.0,108.0,85.0,0.0,Fall 2018,ncsu,2
327.0,116.0,8.52,19.0,Fall 2018,ncsu,2
313.0,105.0,9.33,2.0,Fall 2018,ncsu,2
317.0,107.0,8.41,18.0,Fall 2018,ncsu,2
320.0,103.0,9.04,12.0,Fall 2018,ncsu,2
319.0,112.0,7.35,32.0,Fall 2018,ncsu,2
324.0,108.0,75.23,0.0,Fall 2018,ncsu,2
331.0,0.0,9.06,21.0,Fall 2018,ncsu,2
317.0,100.0,9.5,60.0,Fall 2018,ncsu,2
322.0,110.0,8.21,36.0,Fall 2018,ncsu,2
322.0,116.0,8.0,13.0,Fall 2018,ncsu,2
312.0,100.0,8.29,37.0,Fall 2018,ncsu,2
319.0,114.0,8.68,2.0,Fall 2018,ncsu,2
313.0,0.0,75.73,26.0,Fall 2018,ncsu,2
322.0,107.0,8.9,39.0,Fall 2018,ncsu,2
324.0,0.0,7.98,2.0,Fall 2018,ncsu,2
325.0,117.0,8.43,2.0,Fall 2018,ncsu,2
326.0,109.0,76.0,0.0,Fall 2018,ncsu,2
317.0,107.0,9.22,12.0,Fall 2018,ncsu,2
314.0,97.0,8.35,39.0,Fall 2018,ncsu,2
323.0,115.0,8.98,19.0,Fall 2018,ncsu,2
320.0,105.0,83.6,21.0,Fall 2018,ncsu,2
314.0,110.0,8.5,0.0,Fall 2018,ncsu,2
309.0,106.0,83.0,26.0,Fall 2018,ncsu,2
317.0,107.0,8.71,40.0,Fall 2018,ncsu,2
321.0,112.0,8.59,37.0,Fall 2018,ncsu,2
322.0,115.0,8.9,0.0,Fall 2018,ncsu,2
315.0,96.0,8.81,68.0,Fall 2018,ncsu,2
325.0,116.0,8.62,3.0,Fall 2018,ncsu,2
325.0,114.0,87.4,3.0,Fall 2018,ncsu,2
334.0,117.0,8.21,0.0,Fall 2018,ncsu,2
308.0,106.0,81.0,24.0,Fall 2018,ncsu,2
329.0,116.0,9.1,10.0,Fall 2018,ncsu,2
317.0,108.0,66.0,27.0,Fall 2018,ncsu,2
318.0,106.0,8.37,24.0,Fall 2018,ncsu,2
322.0,110.0,8.66,18.0,Fall 2019,ncsu,2
307.0,92.0,8.45,36.0,Spring 2018,ncsu,2
319.0,105.0,8.82,18.0,Fall 2018,ncsu,2
321.0,0.0,8.8,15.0,Fall 2018,ncsu,2
317.0,105.0,7.8,36.0,Fall 2018,ncsu,2
326.0,105.0,8.3,2.0,Fall 2018,ncsu,2
333.0,116.0,9.31,2.0,Fall 2018,ncsu,2
320.0,101.0,70.28,1.0,Fall 2018,ncsu,2
330.0,111.0,8.3,28.0,Fall 2018,ncsu,2
312.0,97.0,9.12,27.0,Fall 2018,ncsu,2
327.0,109.0,8.64,40.0,Fall 2018,ncsu,2
320.0,105.0,8.95,4.0,Fall 2018,ncsu,2
326.0,108.0,8.98,26.0,Fall 2018,ncsu,2
322.0,116.0,8.76,20.0,Fall 2018,ncsu,2
315.0,100.0,71.0,0.0,Fall 2018,ncsu,2
322.0,107.0,8.04,29.0,Fall 2018,ncsu,2
309.0,106.0,8.98,42.0,Fall 2018,ncsu,2
321.0,105.0,80.0,39.0,Fall 2018,ncsu,2
320.0,104.0,65.0,35.0,Fall 2018,ncsu,2
321.0,0.0,8.585,36.0,Fall 2018,ncsu,2
325.0,114.0,8.1,0.0,Fall 2018,ncsu,2
322.0,101.0,73.8,26.0,Fall 2018,ncsu,2
321.0,116.0,9.49,35.0,Fall 2018,ncsu,2
319.0,107.0,8.38,29.0,Fall 2018,ncsu,2
319.0,114.0,9.06,20.0,Fall 2018,ncsu,2
323.0,120.0,9.3,0.0,Fall 2018,ncsu,2
317.0,107.0,8.48,24.0,Fall 2018,ncsu,2
309.0,102.0,7.32,18.0,Fall 2018,ncsu,2
319.0,118.0,73.0,27.0,Fall 2018,ncsu,2
312.0,99.0,8.7,0.0,Fall 2018,ncsu,2
320.0,113.0,8.6,0.0,Fall 2018,ncsu,2
321.0,111.0,9.27,18.0,Fall 2018,ncsu,2
334.0,0.0,8.16,14.0,Fall 2018,ncsu,2
309.0,96.0,69.36,0.0,Fall 2018,ncsu,2
324.0,108.0,8.56,0.0,Fall 2018,ncsu,2
316.0,98.0,7.6,16.0,Fall 2018,ncsu,2
321.0,114.0,8.92,20.0,Fall 2018,ncsu,2
323.0,104.0,8.7,7.0,Fall 2018,ncsu,2
321.0,110.0,80.98,18.0,Fall 2018,ncsu,2
319.0,107.0,8.6,0.0,Fall 2018,ncsu,2
319.0,110.0,8.3,30.0,Fall 2018,ncsu,2
313.0,95.0,8.5,36.0,Fall 2018,ncsu,2
321.0,111.0,9.38,0.0,Fall 2018,ncsu,2
311.0,101.0,8.9,22.0,Fall 2019,ncsu,2
319.0,0.0,8.34,9.0,Fall 2018,ncsu,2
329.0,113.0,7.65,40.0,Fall 2018,ncsu,2
324.0,110.0,9.06,0.0,Fall 2018,ncsu,2
333.0,109.0,8.14,10.0,Fall 2019,ncsu,2
335.0,109.0,8.55,42.0,Fall 2018,ncsu,2
323.0,0.0,8.01,12.0,Fall 2018,ncsu,2
321.0,106.0,8.02,14.0,Fall 2018,ncsu,2
321.0,113.0,8.84,2.0,Fall 2018,ncsu,2
319.0,103.0,8.06,15.0,Fall 2018,ncsu,2
316.0,109.0,8.32,8.0,Fall 2018,ncsu,2
328.0,111.0,75.0,5.0,Fall 2017,ncsu,2
325.0,105.0,8.24,24.0,Fall 2018,ncsu,2
312.0,0.0,85.5,3.0,Fall 2018,ncsu,2
320.0,0.0,9.0,0.0,Fall 2018,ncsu,2
335.0,117.0,9.196,2.0,Fall 2018,ncsu,2
314.0,98.0,8.16,16.0,Fall 2018,ncsu,2
330.0,113.0,9.0,0.0,Fall 2018,ncsu,2
316.0,103.0,81.01,13.0,Fall 2018,ncsu,2
318.0,0.0,80.0,24.0,Fall 2018,ncsu,2
320.0,0.0,8.41,30.0,Fall 2018,ncsu,2
312.0,101.0,81.0,3.0,Fall 2018,ncsu,2
330.0,106.0,9.24,12.0,Fall 2018,ncsu,2
316.0,0.0,8.94,0.0,Fall 2018,ncsu,2
318.0,104.0,8.6,40.0,Fall 2018,ncsu,2
315.0,113.0,8.13,6.0,Fall 2018,ncsu,2
316.0,104.0,8.48,60.0,Fall 2018,ncsu,2
327.0,107.0,8.81,2.0,Fall 2018,ncsu,2
329.0,114.0,92.0,5.0,Fall 2018,ncsu,2
315.0,114.0,82.75,21.0,Fall 2018,ncsu,2
322.0,113.0,8.77,6.0,Fall 2018,ncsu,2
312.0,98.0,86.8,30.0,Fall 2018,ncsu,2
314.0,105.0,8.47,4.0,Fall 2018,ncsu,2
314.0,90.0,66.0,56.0,Fall 2018,ncsu,2
312.0,103.0,8.5,13.0,Fall 2018,ncsu,2
326.0,111.0,8.68,20.0,Fall 2018,ncsu,2
324.0,101.0,72.5,0.0,Fall 2018,ncsu,2
322.0,113.0,9.48,3.0,Fall 2018,ncsu,2
321.0,108.0,81.0,27.0,Fall 2018,ncsu,2
312.0,96.0,8.05,17.0,Fall 2018,ncsu,2
322.0,109.0,78.0,7.0,Fall 2018,ncsu,2
320.0,114.0,74.5,2.0,Fall 2018,ncsu,2
309.0,107.0,9.39,2.0,Fall 2018,ncsu,2
311.0,108.0,7.94,50.0,Fall 2018,ncsu,2
322.0,113.0,8.91,0.0,Fall 2018,ncsu,2
314.0,0.0,9.02,3.0,Fall 2018,ncsu,2
312.0,110.0,8.26,9.0,Fall 2018,ncsu,2
304.0,106.0,83.1,51.0,Fall 2018,ncsu,2
320.0,109.0,8.85,30.0,Fall 2018,ncsu,2
321.0,107.0,8.26,4.0,Fall 2018,ncsu,2
334.0,113.0,9.7,15.0,Fall 2018,ncsu,2
319.0,110.0,8.98,6.0,Fall 2018,ncsu,2
318.0,0.0,9.5,0.0,Fall 2018,ncsu,2
321.0,110.0,9.17,6.0,Fall 2018,ncsu,2
324.0,31.0,66.0,9.0,Fall 2018,ncsu,2
323.0,0.0,9.09,0.0,Fall 2018,ncsu,2
325.0,113.0,8.61,14.0,Fall 2018,ncsu,2
314.0,106.0,9.35,19.0,Fall 2018,ncsu,2
330.0,117.0,8.95,9.0,Fall 2018,ncsu,2
317.0,97.0,9.14,18.0,Fall 2018,ncsu,2
322.0,114.0,8.08,19.0,Fall 2018,ncsu,2
314.0,100.0,9.14,11.0,Fall 2018,ncsu,2
316.0,110.0,9.56,16.0,Fall 2018,ncsu,2
329.0,0.0,8.85,6.0,Fall 2018,ncsu,2
316.0,110.0,9.52,16.0,Fall 2018,ncsu,2
320.0,104.0,83.43,31.0,Fall 2018,ncsu,2
323.0,102.0,9.0,4.0,Fall 2018,ncsu,2
326.0,112.0,9.18,5.0,Fall 2018,ncsu,2
322.0,0.0,88.0,2.0,Fall 2018,ncsu,2
322.0,108.0,74.0,7.0,Fall 2018,ncsu,2
322.0,113.0,8.8,4.0,Fall 2018,ncsu,2
327.0,107.0,80.98,19.0,Fall 2018,ncsu,2
331.0,113.0,7.69,47.0,Fall 2017,ncsu,2
334.0,114.0,69.2,0.0,Fall 2012,ncsu,2
314.0,109.0,76.44,0.0,Fall 2011,ncsu,2
315.0,108.0,8.86,2.0,Fall 2017,ncsu,2
316.0,108.0,82.8,11.0,Fall 2017,ncsu,2
325.0,110.0,77.02,60.0,Fall 2017,ncsu,2
322.0,94.0,8.21,20.0,Fall 2017,ncsu,2
313.0,102.0,9.16,24.0,Fall 2017,ncsu,2
315.0,104.0,8.3,34.0,Fall 2017,ncsu,2
308.0,88.0,74.0,38.0,Fall 2020,ncsu,2
315.0,99.0,6.9,2.0,Fall 2017,ncsu,2
316.0,107.0,8.21,40.0,Fall 2017,ncsu,2
319.0,112.0,69.11,19.0,Fall 2017,ncsu,2
312.0,96.0,9.01,4.0,Fall 2017,ncsu,2
317.0,104.0,9.01,3.0,Fall 2017,ncsu,2
319.0,110.0,8.58,18.0,Fall 2017,ncsu,2
322.0,108.0,8.36,34.0,Fall 2017,ncsu,2
316.0,106.0,9.2,3.0,Fall 2017,ncsu,2
310.0,101.0,6.9,42.0,Fall 2017,ncsu,2
318.0,111.0,3.62,2.0,Fall 2017,ncsu,2
320.0,112.0,73.0,18.0,Fall 2017,ncsu,2
322.0,115.0,7.75,1.0,Fall 2017,ncsu,2
325.0,115.0,8.9,12.0,Fall 2017,ncsu,2
321.0,104.0,9.09,0.0,Fall 2017,ncsu,2
324.0,108.0,8.13,38.0,Fall 2017,ncsu,2
312.0,104.0,77.95,4.0,Fall 2017,ncsu,2
319.0,103.0,59.22,27.0,Fall 2017,ncsu,2
315.0,106.0,8.85,6.0,Fall 2017,ncsu,2
321.0,109.0,8.05,0.0,Fall 2017,ncsu,2
329.0,104.0,8.31,43.0,Fall 2018,ncsu,2
324.0,100.0,84.0,43.0,Fall 2017,ncsu,2
260.0,49.0,5.0,6.0,Spring 2016,ncsu,2
320.0,100.0,7.3,31.0,Fall 2017,ncsu,2
326.0,112.0,9.26,18.0,Fall 2017,ncsu,2
328.0,112.0,8.21,35.0,Fall 2017,ncsu,2
319.0,108.0,7.63,10.0,Fall 2017,ncsu,2
328.0,112.0,72.0,24.0,Fall 2017,ncsu,2
320.0,108.0,70.66,24.0,Fall 2017,ncsu,2
323.0,109.0,8.69,2.0,Fall 2017,ncsu,2
328.0,104.0,8.8,48.0,Fall 2016,ncsu,2
325.0,108.0,7.32,6.0,Fall 2017,ncsu,2
323.0,108.0,7.47,24.0,Fall 2017,ncsu,2
315.0,108.0,8.43,16.0,Fall 2017,ncsu,2
322.0,115.0,9.11,16.0,Fall 2017,ncsu,2
327.0,106.0,9.3,27.0,Fall 2017,ncsu,2
320.0,106.0,9.16,5.0,Fall 2017,ncsu,2
316.0,95.0,7.9,10.0,Fall 2017,ncsu,2
316.0,105.0,80.0,16.0,Fall 2017,ncsu,2
328.0,112.0,7.9,2.0,Fall 2017,ncsu,2
326.0,109.0,9.43,24.0,Fall 2017,ncsu,2
324.0,115.0,8.22,6.0,Fall 2017,ncsu,2
335.0,115.0,7.26,6.0,Fall 2017,ncsu,2
322.0,107.0,8.37,15.0,Fall 2017,ncsu,2
320.0,100.0,81.0,22.0,Fall 2017,ncsu,2
330.0,110.0,77.0,60.0,Fall 2017,ncsu,2
324.0,101.0,8.82,11.0,Fall 2017,ncsu,2
271.0,59.0,7.35,2.0,Fall 2017,ncsu,2
319.0,110.0,9.6,21.0,Fall 2017,ncsu,2
329.0,106.0,8.65,16.0,Fall 2017,ncsu,2
324.0,109.0,9.35,11.0,Fall 2017,ncsu,2
316.0,101.0,9.05,19.0,Fall 2017,ncsu,2
322.0,112.0,8.14,18.0,Fall 2017,ncsu,2
317.0,109.0,7.71,36.0,Fall 2017,ncsu,2
327.0,112.0,70.6,12.0,Fall 2017,ncsu,2
326.0,115.0,8.47,6.0,Fall 2017,ncsu,2
322.0,104.0,8.15,46.0,Fall 2017,ncsu,2
326.0,103.0,8.78,40.0,Fall 2017,ncsu,2
318.0,111.0,69.62,35.0,Fall 2017,ncsu,2
316.0,95.0,8.71,2.0,Fall 2017,ncsu,2
317.0,104.0,68.0,19.0,Fall 2017,ncsu,2
312.0,107.0,76.77,41.0,Fall 2017,ncsu,2
337.0,120.0,7.93,1.0,Fall 2017,ncsu,2
311.0,90.0,78.0,18.0,Fall 2017,ncsu,2
324.0,110.0,8.58,2.0,Fall 2017,ncsu,2
326.0,107.0,8.53,6.0,Fall 2017,ncsu,2
320.0,114.0,8.83,12.0,Fall 2017,ncsu,2
319.0,107.0,7.96,20.0,Fall 2017,ncsu,2
321.0,114.0,82.28,21.0,Fall 2017,ncsu,2
317.0,105.0,76.0,3.0,Fall 2017,ncsu,2
320.0,100.0,8.5,3.0,Fall 2017,ncsu,2
324.0,111.0,8.3,15.0,Fall 2017,ncsu,2
316.0,98.0,8.39,1.0,Fall 2017,ncsu,2
317.0,104.0,74.0,2.0,Fall 2017,ncsu,2
320.0,106.0,8.88,40.0,Fall 2017,ncsu,2
329.0,111.0,9.14,4.0,Fall 2017,ncsu,2
320.0,104.0,8.02,26.0,Fall 2017,ncsu,2
311.0,98.0,67.0,0.0,Fall 2017,ncsu,2
328.0,108.0,9.32,24.0,Fall 2017,ncsu,2
321.0,113.0,9.3,3.0,Fall 2017,ncsu,2
321.0,112.0,73.0,0.0,Fall 2017,ncsu,2
325.0,110.0,7.6,30.0,Fall 2017,ncsu,2
319.0,94.0,8.29,0.0,Fall 2017,ncsu,2
327.0,110.0,7.33,12.0,Fall 2017,ncsu,2
326.0,114.0,72.0,42.0,Fall 2017,ncsu,2
329.0,111.0,7.03,5.0,Fall 2017,ncsu,2
320.0,106.0,9.22,24.0,Fall 2017,ncsu,2
323.0,112.0,8.83,3.0,Fall 2017,ncsu,2
326.0,110.0,8.2,4.0,Fall 2017,ncsu,2
326.0,109.0,8.5,0.0,Fall 2017,ncsu,2
326.0,100.0,7.47,3.0,Fall 2017,ncsu,2
326.0,109.0,8.45,12.0,Fall 2017,ncsu,2
320.0,113.0,9.02,0.0,Fall 2017,ncsu,2
316.0,100.0,8.0,25.0,Fall 2017,ncsu,2
318.0,107.0,8.83,30.0,Fall 2017,ncsu,2
317.0,99.0,7.4,2.0,Fall 2017,ncsu,2
328.0,113.0,67.49,35.0,Fall 2017,ncsu,2
330.0,107.0,79.5,36.0,Fall 2017,ncsu,2
326.0,110.0,71.0,32.0,Fall 2017,ncsu,2
319.0,101.0,8.65,2.0,Fall 2017,ncsu,2
328.0,112.0,8.69,7.0,Fall 2017,ncsu,2
330.0,107.0,75.0,15.0,Fall 2017,ncsu,2
330.0,106.0,8.66,49.0,Fall 2017,ncsu,2
324.0,97.0,73.0,20.0,Fall 2017,ncsu,2
322.0,110.0,9.29,6.0,Fall 2017,ncsu,2
317.0,116.0,9.12,0.0,Fall 2017,ncsu,2
313.0,97.0,71.52,18.0,Fall 2017,ncsu,2
318.0,113.0,76.0,24.0,Fall 2017,ncsu,2
329.0,97.0,9.4,2.0,Fall 2017,ncsu,2
317.0,103.0,8.75,20.0,Fall 2017,ncsu,2
315.0,90.0,8.12,54.0,Fall 2017,ncsu,2
323.0,105.0,73.47,20.0,Fall 2017,ncsu,2
319.0,108.0,9.8,37.0,Fall 2017,ncsu,2
326.0,117.0,72.0,0.0,Fall 2017,ncsu,2
317.0,103.0,84.0,13.0,Fall 2017,ncsu,2
320.0,94.0,7.9,18.0,Fall 2017,ncsu,2
327.0,111.0,7.7,0.0,Fall 2017,ncsu,2
324.0,112.0,70.0,17.0,Fall 2017,ncsu,2
320.0,102.0,68.82,37.0,Fall 2017,ncsu,2
326.0,108.0,73.29,8.0,Fall 2017,ncsu,2
321.0,107.0,9.05,0.0,Fall 2020,ncsu,2
317.0,106.0,74.7,0.0,Fall 2017,ncsu,2
320.0,108.0,8.8,18.0,Fall 2017,ncsu,2
319.0,110.0,9.5,16.0,Fall 2017,ncsu,2
311.0,94.0,8.081,22.0,Fall 2017,ncsu,2
319.0,102.0,78.92,46.0,Fall 2017,ncsu,2
333.0,113.0,8.63,20.0,Fall 2017,ncsu,2
315.0,108.0,78.0,2.0,Fall 2017,ncsu,2
319.0,103.0,9.19,0.0,Fall 2017,ncsu,2
313.0,111.0,75.12,30.0,Fall 2017,ncsu,2
325.0,108.0,8.73,18.0,Fall 2017,ncsu,2
325.0,110.0,7.71,19.0,Fall 2017,ncsu,2
324.0,114.0,9.6,23.0,Fall 2017,ncsu,2
326.0,114.0,8.61,14.0,Fall 2017,ncsu,2
330.0,109.0,99.0,18.0,Fall 2017,ncsu,2
314.0,109.0,7.2,0.0,Fall 2020,ncsu,3
303.0,103.0,7.9,6.0,Fall 2020,ncsu,3
331.0,111.0,83.2,2.0,Fall 2020,ncsu,3
317.0,100.0,8.46,0.0,Fall 2020,ncsu,3
316.0,100.0,8.21,31.0,Fall 2020,ncsu,3
323.0,101.0,6.78,9.0,Fall 2020,ncsu,3
321.0,109.0,8.5,1.0,Fall 2020,ncsu,3
311.0,102.0,8.8,3.0,Fall 2020,ncsu,3
324.0,107.0,8.81,36.0,Fall 2020,ncsu,3
316.0,103.0,73.16,1.0,Fall 2020,ncsu,3
316.0,107.0,8.53,6.0,Fall 2020,ncsu,3
313.0,112.0,91.0,15.0,Fall 2020,ncsu,3
306.0,101.0,8.03,9.0,Fall 2020,ncsu,3
315.0,110.0,9.0,60.0,Fall 2020,ncsu,3
318.0,107.0,7.96,28.0,Fall 2020,ncsu,3
314.0,103.0,7.13,20.0,Fall 2020,ncsu,3
311.0,105.0,8.96,33.0,Fall 2020,ncsu,3
323.0,110.0,7.85,9.0,Fall 2020,ncsu,3
312.0,98.0,8.73,4.0,Fall 2020,ncsu,3
321.0,106.0,7.9,28.0,Fall 2020,ncsu,3
318.0,103.0,7.13,36.0,Fall 2020,ncsu,3
321.0,104.0,8.39,2.0,Fall 2020,ncsu,3
314.0,102.0,78.68,17.0,Fall 2020,ncsu,3
316.0,97.0,76.5,38.0,Fall 2021,ncsu,3
305.0,101.0,9.2,0.0,Fall 2020,ncsu,3
313.0,103.0,7.58,16.0,Fall 2020,ncsu,3
317.0,92.0,7.58,17.0,Fall 2020,ncsu,3
310.0,94.0,7.98,0.0,Fall 2020,ncsu,3
305.0,99.0,8.8,3.0,Fall 2020,ncsu,3
319.0,105.0,9.15,2.0,Fall 2020,ncsu,3
320.0,109.0,7.61,15.0,Fall 2020,ncsu,3
321.0,104.0,7.59,0.0,Fall 2020,ncsu,3
318.0,109.0,87.0,27.0,Fall 2020,ncsu,3
326.0,108.0,8.11,0.0,Fall 2020,ncsu,3
319.0,101.0,8.54,3.0,Fall 2020,ncsu,3
318.0,103.0,9.2,25.0,Fall 2020,ncsu,3
316.0,97.0,73.27,15.0,Fall 2020,ncsu,3
323.0,0.0,8.3,24.0,Fall 2020,ncsu,3
310.0,105.0,8.6,30.0,Fall 2020,ncsu,3
325.0,106.0,7.51,23.0,Fall 2020,ncsu,3
312.0,114.0,9.26,21.0,Fall 2020,ncsu,3
313.0,101.0,8.3,26.0,Fall 2020,ncsu,3
311.0,114.0,82.2,27.0,Fall 2020,ncsu,3
320.0,106.0,7.83,13.0,Fall 2020,ncsu,3
321.0,111.0,8.9,31.0,Fall 2020,ncsu,3
312.0,103.0,8.14,26.0,Fall 2020,ncsu,3
298.0,109.0,8.49,16.0,Fall 2020,ncsu,3
322.0,109.0,79.0,0.0,Fall 2020,ncsu,3
323.0,105.0,7.43,57.0,Fall 2020,ncsu,3
315.0,108.0,8.63,10.0,Fall 2020,ncsu,3
313.0,97.0,7.81,0.0,Fall 2020,ncsu,3
310.0,112.0,73.4,52.0,Fall 2020,ncsu,3
302.0,97.0,8.87,10.0,Fall 2020,ncsu,3
320.0,108.0,8.4,2.0,Fall 2020,ncsu,3
307.0,96.0,7.8,36.0,Fall 2020,ncsu,3
312.0,99.0,9.0,2.0,Fall 2020,ncsu,3
318.0,101.0,9.18,3.0,Fall 2020,ncsu,3
308.0,92.0,79.72,15.0,Fall 2020,ncsu,3
319.0,113.0,75.7,16.0,Fall 2020,ncsu,3
314.0,105.0,9.02,7.0,Fall 2020,ncsu,3
304.0,101.0,82.1,26.0,Fall 2020,ncsu,3
319.0,114.0,9.461,26.0,Fall 2020,ncsu,3
318.0,105.0,83.0,13.0,Fall 2020,ncsu,3
315.0,101.0,71.0,55.0,Fall 2020,ncsu,3
312.0,114.0,9.42,35.0,Fall 2020,ncsu,3
312.0,111.0,9.59,24.0,Fall 2020,ncsu,3
313.0,114.0,9.1,10.0,Fall 2020,ncsu,3
317.0,109.0,9.4,2.0,Fall 2020,ncsu,3
319.0,97.0,9.538,25.0,Fall 2020,ncsu,3
317.0,108.0,65.2,52.0,Fall 2020,ncsu,3
315.0,106.0,8.64,49.0,Fall 2020,ncsu,3
312.0,92.0,62.5,2.0,Fall 2020,ncsu,3
319.0,112.0,69.3,31.0,Fall 2020,ncsu,3
313.0,110.0,6.63,3.0,Fall 2020,ncsu,3
316.0,104.0,8.7,0.0,Fall 2020,ncsu,3
321.0,109.0,8.89,6.0,Fall 2020,ncsu,3
316.0,104.0,81.1,41.0,Fall 2020,ncsu,3
320.0,110.0,8.84,17.0,Fall 2020,ncsu,3
306.0,106.0,8.6,16.0,Fall 2020,ncsu,3
311.0,112.0,8.21,0.0,Fall 2020,ncsu,3
314.0,107.0,8.09,19.0,Fall 2020,ncsu,3
320.0,109.0,7.75,21.0,Fall 2020,ncsu,3
322.0,107.0,7.73,18.0,Fall 2020,ncsu,3
313.0,94.0,7.85,0.0,Fall 2020,ncsu,3
316.0,97.0,87.0,0.0,Fall 2020,ncsu,3
322.0,110.0,8.48,3.0,Fall 2020,ncsu,3
318.0,105.0,9.51,28.0,Fall 2020,ncsu,3
315.0,98.0,63.4,22.0,Fall 2020,ncsu,3
312.0,102.0,7.98,10.0,Fall 2020,ncsu,3
323.0,106.0,8.34,2.0,Fall 2020,ncsu,3
317.0,100.0,6.89,24.0,Fall 2020,ncsu,3
310.0,96.0,8.62,23.0,Fall 2020,ncsu,3
310.0,103.0,8.7,30.0,Fall 2020,ncsu,3
312.0,100.0,8.95,24.0,Fall 2020,ncsu,3
316.0,104.0,9.18,23.0,Fall 2020,ncsu,3
322.0,110.0,77.25,41.0,Fall 2020,ncsu,3
314.0,108.0,7.92,21.0,Fall 2020,ncsu,3
330.0,0.0,7.8,18.0,Fall 2020,ncsu,3
305.0,88.0,70.89,21.0,Fall 2020,ncsu,3
312.0,104.0,7.9,2.0,Fall 2020,ncsu,3
319.0,104.0,8.67,0.0,Fall 2020,ncsu,3
329.0,115.0,7.79,17.0,Fall 2020,ncsu,3
314.0,111.0,8.4,5.0,Fall 2020,ncsu,3
321.0,106.0,7.69,42.0,Fall 2020,ncsu,3
321.0,114.0,7.53,18.0,Fall 2020,ncsu,3
307.0,101.0,7.55,2.0,Fall 2020,ncsu,3
312.0,106.0,85.0,23.0,Fall 2020,ncsu,3
320.0,109.0,7.5,0.0,Fall 2020,ncsu,3
310.0,96.0,6.44,3.0,Fall 2019,ncsu,3
322.0,114.0,9.3,32.0,Fall 2020,ncsu,3
309.0,100.0,8.61,29.0,Fall 2020,ncsu,3
320.0,103.0,9.28,5.0,Fall 2020,ncsu,3
311.0,101.0,7.88,1.0,Fall 2020,ncsu,3
309.0,102.0,9.0,9.0,Fall 2020,ncsu,3
316.0,96.0,8.73,30.0,Fall 2020,ncsu,3
316.0,101.0,7.74,19.0,Fall 2020,ncsu,3
317.0,104.0,8.7,11.0,Fall 2020,ncsu,3
308.0,105.0,7.9,16.0,Fall 2020,ncsu,3
316.0,104.0,8.82,32.0,Fall 2020,ncsu,3
319.0,103.0,8.57,24.0,Fall 2020,ncsu,3
316.0,113.0,8.17,21.0,Fall 2020,ncsu,3
321.0,110.0,78.2,13.0,Fall 2020,ncsu,3
318.0,105.0,7.5,1.0,Fall 2020,ncsu,3
317.0,105.0,8.8,24.0,Fall 2020,ncsu,3
329.0,113.0,71.0,20.0,Fall 2020,ncsu,3
314.0,112.0,8.26,7.0,Fall 2020,ncsu,3
319.0,108.0,7.87,15.0,Fall 2020,ncsu,3
321.0,108.0,7.67,2.0,Fall 2020,ncsu,3
319.0,107.0,8.35,30.0,Fall 2020,ncsu,3
321.0,116.0,80.0,0.0,Fall 2020,ncsu,3
315.0,97.0,76.4,7.0,Fall 2020,ncsu,3
313.0,102.0,75.8,60.0,Fall 2020,ncsu,3
317.0,108.0,9.1,15.0,Fall 2020,ncsu,3
313.0,111.0,83.5,29.0,Fall 2020,ncsu,3
310.0,109.0,8.38,18.0,Fall 2020,ncsu,3
316.0,102.0,8.58,29.0,Fall 2020,ncsu,3
319.0,112.0,8.74,28.0,Fall 2020,ncsu,3
313.0,99.0,8.7,20.0,Fall 2020,ncsu,3
312.0,107.0,8.3,16.0,Fall 2020,ncsu,3
312.0,86.0,8.04,9.0,Fall 2020,ncsu,3
319.0,100.0,8.87,0.0,Fall 2020,ncsu,3
315.0,102.0,7.96,5.0,Fall 2020,ncsu,3
315.0,106.0,8.5,18.0,Fall 2019,ncsu,3
316.0,111.0,8.56,0.0,Fall 2020,ncsu,3
315.0,97.0,8.3,29.0,Fall 2020,ncsu,3
321.0,116.0,78.0,11.0,Fall 2020,ncsu,3
311.0,99.0,8.25,0.0,Fall 2020,ncsu,3
319.0,108.0,9.0,11.0,Fall 2020,ncsu,3
309.0,101.0,8.69,18.0,Fall 2020,ncsu,3
318.0,110.0,9.15,18.0,Fall 2020,ncsu,3
312.0,110.0,8.37,25.0,Fall 2020,ncsu,3
308.0,98.0,9.14,22.0,Fall 2020,ncsu,3
309.0,96.0,71.0,25.0,Fall 2020,ncsu,3
320.0,111.0,9.32,29.0,Fall 2020,ncsu,3
310.0,97.0,7.58,7.0,Fall 2020,ncsu,3
313.0,101.0,9.12,13.0,Fall 2020,ncsu,3
320.0,102.0,8.63,5.0,Fall 2020,ncsu,3
316.0,106.0,9.04,39.0,Fall 2020,ncsu,3
324.0,106.0,7.26,0.0,Fall 2020,ncsu,3
314.0,98.0,8.28,12.0,Fall 2020,ncsu,3
328.0,107.0,7.8,0.0,Fall 2020,ncsu,3
320.0,100.0,72.53,7.0,Fall 2020,ncsu,3
326.0,109.0,8.23,28.0,Fall 2020,ncsu,3
327.0,117.0,8.44,1.0,Fall 2020,ncsu,3
306.0,101.0,7.41,2.0,Fall 2020,ncsu,3
323.0,112.0,8.0,18.0,Fall 2020,ncsu,3
324.0,109.0,8.82,39.0,Fall 2020,ncsu,3
334.0,114.0,68.0,18.0,Fall 2020,ncsu,3
320.0,108.0,7.54,38.0,Fall 2020,ncsu,3
318.0,101.0,7.88,34.0,Fall 2020,ncsu,3
307.0,101.0,8.39,16.0,Fall 2020,ncsu,3
315.0,94.0,8.24,29.0,Fall 2020,ncsu,3
332.0,114.0,7.5,51.0,Fall 2020,ncsu,3
313.0,113.0,8.2,13.0,Spring 2020,ncsu,3
315.0,109.0,7.54,4.0,Fall 2020,ncsu,3
327.0,116.0,7.87,6.0,Fall 2020,ncsu,3
310.0,95.0,6.8,16.0,Fall 2020,ncsu,3
307.0,114.0,8.37,8.0,Fall 2020,ncsu,3
317.0,101.0,81.5,20.0,Fall 2020,ncsu,3
307.0,103.0,8.9,26.0,Fall 2020,ncsu,3
319.0,8.0,6.98,20.0,Fall 2020,ncsu,3
316.0,103.0,7.26,32.0,Fall 2020,ncsu,3
308.0,97.0,67.7,17.0,Fall 2020,ncsu,3
322.0,107.0,7.03,40.0,Fall 2020,ncsu,3
320.0,101.0,9.1,25.0,Fall 2019,ncsu,3
315.0,103.0,70.0,18.0,Fall 2020,ncsu,3
313.0,111.0,7.93,0.0,Fall 2020,ncsu,3
313.0,101.0,7.78,40.0,Fall 2020,ncsu,3
320.0,110.0,8.0,18.0,Fall 2020,ncsu,3
332.0,110.0,8.6,12.0,Fall 2020,ncsu,3
318.0,110.0,7.85,1.0,Fall 2020,ncsu,3
319.0,95.0,71.0,47.0,Fall 2020,ncsu,3
319.0,107.0,7.24,2.0,Fall 2020,ncsu,3
310.0,87.0,7.3,20.0,Fall 2020,ncsu,3
318.0,98.0,8.47,6.0,Fall 2020,ncsu,3
318.0,92.0,7.0,15.0,Fall 2020,ncsu,3
318.0,113.0,67.0,14.0,Fall 2020,ncsu,3
322.0,103.0,8.39,27.0,Fall 2020,ncsu,3
310.0,101.0,7.65,55.0,Fall 2020,ncsu,3
311.0,94.0,7.64,22.0,Fall 2020,ncsu,3
311.0,100.0,61.89,15.0,Fall 2020,ncsu,3
321.0,106.0,7.98,2.0,Fall 2020,ncsu,3
319.0,96.0,8.2,18.0,Fall 2019,ncsu,3
314.0,104.0,8.5,0.0,Fall 2020,ncsu,3
306.0,110.0,7.5,1.0,Fall 2020,ncsu,3
313.0,105.0,8.8,1.0,Fall 2020,ncsu,3
320.0,112.0,7.86,30.0,Fall 2020,ncsu,3
314.0,104.0,8.43,12.0,Fall 2020,ncsu,3
322.0,116.0,7.98,15.0,Fall 2020,ncsu,3
321.0,111.0,7.23,21.0,Fall 2020,ncsu,3
324.0,112.0,7.6,3.0,Fall 2020,ncsu,3
313.0,100.0,72.15,30.0,Fall 2020,ncsu,3
321.0,105.0,6.45,20.0,Fall 2020,ncsu,3
316.0,103.0,8.78,6.0,Fall 2020,ncsu,3
309.0,95.0,71.33,13.0,Fall 2020,ncsu,3
327.0,106.0,6.74,38.0,Fall 2020,ncsu,3
313.0,100.0,7.6,33.0,Fall 2020,ncsu,3
320.0,101.0,7.12,60.0,Fall 2020,ncsu,3
317.0,114.0,7.87,8.0,Fall 2020,ncsu,3
315.0,99.0,9.4,7.0,Fall 2020,ncsu,3
319.0,102.0,7.82,17.0,Fall 2020,ncsu,3
316.0,107.0,7.6,12.0,Fall 2020,ncsu,3
317.0,107.0,64.4,24.0,Fall 2019,ncsu,3
310.0,105.0,86.9,41.0,Fall 2020,ncsu,3
314.0,113.0,7.1,15.0,Fall 2020,ncsu,3
313.0,98.0,8.05,30.0,Fall 2020,ncsu,3
325.0,114.0,8.4,31.0,Fall 2020,ncsu,3
319.0,99.0,7.45,17.0,Fall 2020,ncsu,3
313.0,99.0,8.47,34.0,Fall 2020,ncsu,3
321.0,113.0,8.52,1.0,Fall 2020,ncsu,3
321.0,100.0,8.4,44.0,Fall 2020,ncsu,3
310.0,93.0,7.19,21.0,Fall 2020,ncsu,3
315.0,107.0,8.06,15.0,Fall 2020,ncsu,3
322.0,107.0,7.73,23.0,Fall 2020,ncsu,3
328.0,112.0,73.4,6.0,Fall 2020,ncsu,3
321.0,99.0,7.78,19.0,Fall 2020,ncsu,3
316.0,101.0,7.8,30.0,Fall 2020,ncsu,3
318.0,96.0,7.3,31.0,Fall 2020,ncsu,3
321.0,115.0,8.63,18.0,Fall 2020,ncsu,3
317.0,102.0,8.75,5.0,Fall 2020,ncsu,3
306.0,93.0,7.6,0.0,Fall 2020,ncsu,3
312.0,93.0,7.97,0.0,Fall 2019,ncsu,3
328.0,114.0,8.46,32.0,Fall 2020,ncsu,3
315.0,108.0,9.03,20.0,Fall 2020,ncsu,3
325.0,108.0,8.18,23.0,Fall 2020,ncsu,3
323.0,109.0,8.57,31.0,Fall 2020,ncsu,3
312.0,103.0,7.93,20.0,Fall 2020,ncsu,3
322.0,113.0,8.6,12.0,Fall 2020,ncsu,3
314.0,109.0,8.12,30.0,Fall 2020,ncsu,3
311.0,103.0,72.26,18.0,Fall 2020,ncsu,3
321.0,106.0,6.6,12.0,Fall 2020,ncsu,3
324.0,103.0,7.77,29.0,Fall 2020,ncsu,3
323.0,108.0,7.9,20.0,Fall 2020,ncsu,3
323.0,110.0,7.892,12.0,Fall 2020,ncsu,3
317.0,105.0,69.0,14.0,Fall 2020,ncsu,3
314.0,101.0,8.22,30.0,Fall 2020,ncsu,3
312.0,102.0,7.03,42.0,Fall 2019,ncsu,3
320.0,114.0,76.07,38.0,Fall 2020,ncsu,3
309.0,93.0,67.0,56.0,Fall 2020,ncsu,3
318.0,108.0,7.92,4.0,Fall 2020,ncsu,3
324.0,111.0,7.17,40.0,Fall 2020,ncsu,3
330.0,113.0,8.16,3.0,Fall 2020,ncsu,3
326.0,115.0,8.18,2.0,Fall 2020,ncsu,3
318.0,108.0,8.26,24.0,Fall 2020,ncsu,3
314.0,98.0,60.0,14.0,Fall 2020,ncsu,3
327.0,104.0,7.68,13.0,Fall 2020,ncsu,3
320.0,115.0,7.95,8.0,Fall 2020,ncsu,3
317.0,100.0,8.12,19.0,Fall 2020,ncsu,3
318.0,114.0,8.53,10.0,Fall 2020,ncsu,3
322.0,100.0,8.0,9.0,Fall 2020,ncsu,3
307.0,101.0,8.4,22.0,Fall 2020,ncsu,3
321.0,114.0,67.0,15.0,Fall 2020,ncsu,3
318.0,98.0,75.4,18.0,Fall 2020,ncsu,3
319.0,113.0,8.7,7.0,Fall 2020,ncsu,3
320.0,107.0,8.1,6.0,Fall 2020,ncsu,3
317.0,102.0,8.64,1.0,Fall 2020,ncsu,3
319.0,102.0,7.74,12.0,Fall 2020,ncsu,3
316.0,101.0,8.58,0.0,Fall 2020,ncsu,3
325.0,118.0,8.65,22.0,Fall 2020,ncsu,3
324.0,107.0,7.55,34.0,Fall 2020,ncsu,3
312.0,110.0,74.0,31.0,Fall 2020,ncsu,3
319.0,105.0,8.5,7.0,Fall 2020,ncsu,3
323.0,105.0,66.0,41.0,Fall 2020,ncsu,3
325.0,103.0,8.32,18.0,Fall 2020,ncsu,3
318.0,109.0,7.3,0.0,Fall 2020,ncsu,3
323.0,108.0,9.17,9.0,Fall 2020,ncsu,3
315.0,99.0,7.8,16.0,Fall 2020,ncsu,3
309.0,96.0,9.31,0.0,Fall 2020,ncsu,3
329.0,116.0,9.32,9.0,Fall 2020,ncsu,3
307.0,101.0,8.96,44.0,Fall 2020,ncsu,3
325.0,104.0,8.0,30.0,Fall 2020,ncsu,3
313.0,100.0,8.3,14.0,Fall 2020,ncsu,3
321.0,109.0,9.5,0.0,Fall 2020,ncsu,3
322.0,107.0,7.76,20.0,Fall 2020,ncsu,3
322.0,110.0,9.16,10.0,Fall 2020,ncsu,3
318.0,112.0,8.683,32.0,Fall 2020,ncsu,3
318.0,104.0,9.43,0.0,Fall 2020,ncsu,3
320.0,109.0,73.6,70.0,Fall 2020,ncsu,3
334.0,111.0,8.67,24.0,Fall 2020,ncsu,3
322.0,106.0,7.6,16.0,Fall 2020,ncsu,3
320.0,109.0,75.0,56.0,Fall 2020,ncsu,3
318.0,109.0,8.3,2.0,Fall 2020,ncsu,3
321.0,103.0,73.58,31.0,Fall 2020,ncsu,3
314.0,101.0,8.6,18.0,Fall 2020,ncsu,3
320.0,101.0,8.36,0.0,Fall 2020,ncsu,3
315.0,104.0,8.88,47.0,Fall 2020,ncsu,3
316.0,109.0,8.15,12.0,Fall 2020,ncsu,3
319.0,108.0,8.68,7.0,Fall 2020,ncsu,3
306.0,96.0,77.0,7.0,Fall 2020,ncsu,3
313.0,95.0,6.86,20.0,Fall 2020,ncsu,3
317.0,109.0,9.44,0.0,Fall 2020,ncsu,3
315.0,108.0,7.46,38.0,Fall 2020,ncsu,3
314.0,104.0,7.5,12.0,Fall 2020,ncsu,3
319.0,105.0,7.88,27.0,Fall 2020,ncsu,3
315.0,100.0,9.02,31.0,Fall 2020,ncsu,3
302.0,101.0,7.77,43.0,Fall 2020,ncsu,3
316.0,104.0,7.38,30.0,Fall 2020,ncsu,3
305.0,93.0,7.18,6.0,Fall 2020,ncsu,3
320.0,104.0,8.0,0.0,Fall 2020,ncsu,3
315.0,97.0,7.96,13.0,Fall 2020,ncsu,3
321.0,112.0,8.45,0.0,Fall 2020,ncsu,3
335.0,118.0,8.6,36.0,Fall 2020,ncsu,3
317.0,97.0,8.42,10.0,Fall 2020,ncsu,3
315.0,104.0,9.26,0.0,Fall 2020,ncsu,3
319.0,106.0,8.88,4.0,Fall 2020,ncsu,3
332.0,111.0,8.2,142.0,Fall 2020,ncsu,3
329.0,110.0,7.15,32.0,Fall 2020,ncsu,3
324.0,112.0,8.56,20.0,Fall 2020,ncsu,3
324.0,106.0,78.0,39.0,Fall 2020,ncsu,3
318.0,100.0,7.53,20.0,Fall 2020,ncsu,3
314.0,102.0,8.1,53.0,Fall 2020,ncsu,3
324.0,104.0,8.28,29.0,Fall 2020,ncsu,3
313.0,101.0,8.63,0.0,Fall 2020,ncsu,3
315.0,103.0,8.8,4.0,Fall 2020,ncsu,3
303.0,93.0,8.02,1.0,Fall 2020,ncsu,3
308.0,97.0,8.37,66.0,Fall 2020,ncsu,3
317.0,106.0,7.71,2.0,Fall 2020,ncsu,3
314.0,102.0,78.0,5.0,Fall 2020,ncsu,3
312.0,96.0,7.46,7.0,Fall 2020,ncsu,3
311.0,101.0,8.56,30.0,Fall 2020,ncsu,3
319.0,97.0,8.3,3.0,Fall 2019,ncsu,3
315.0,106.0,9.46,4.0,Fall 2019,ncsu,3
307.0,88.0,80.0,36.0,Fall 2019,ncsu,3
312.0,101.0,8.86,36.0,Fall 2019,ncsu,3
322.0,107.0,8.71,26.0,Fall 2019,ncsu,3
321.0,102.0,8.19,0.0,Fall 2019,ncsu,3
314.0,109.0,9.0,3.0,Fall 2019,ncsu,3
314.0,114.0,83.36,20.0,Fall 2019,ncsu,3
320.0,107.0,9.0,24.0,Fall 2019,ncsu,3
309.0,100.0,72.41,60.0,Fall 2019,ncsu,3
310.0,109.0,79.0,5.0,Fall 2019,ncsu,3
310.0,109.0,9.08,10.0,Fall 2019,ncsu,3
323.0,111.0,7.67,2.0,Fall 2019,ncsu,3
324.0,102.0,7.62,0.0,Fall 2019,ncsu,3
313.0,103.0,7.78,1.0,Fall 2019,ncsu,3
318.0,106.0,76.46,6.0,Fall 2018,ncsu,3
301.0,80.0,75.0,24.0,Fall 2019,ncsu,3
318.0,105.0,8.97,12.0,Fall 2019,ncsu,3
322.0,118.0,8.89,1.0,Fall 2019,ncsu,3
316.0,103.0,8.6,6.0,Fall 2019,ncsu,3
317.0,106.0,80.0,53.0,Fall 2019,ncsu,3
327.0,109.0,7.82,4.0,Fall 2019,ncsu,3
320.0,102.0,8.79,13.0,Fall 2019,ncsu,3
317.0,96.0,9.1,6.0,Fall 2019,ncsu,3
323.0,110.0,9.0,31.0,Fall 2019,ncsu,3
322.0,101.0,8.03,15.0,Fall 2019,ncsu,3
318.0,104.0,7.94,4.0,Fall 2019,ncsu,3
313.0,109.0,8.92,12.0,Fall 2019,ncsu,3
314.0,114.0,8.85,3.0,Fall 2019,ncsu,3
308.0,90.0,8.46,0.0,Fall 2019,ncsu,3
326.0,105.0,8.58,0.0,Fall 2019,ncsu,3
318.0,102.0,7.0,4.0,Fall 2019,ncsu,3
324.0,112.0,8.8,10.0,Fall 2019,ncsu,3
316.0,110.0,9.2,29.0,Fall 2019,ncsu,3
324.0,108.0,8.34,26.0,Fall 2019,ncsu,3
317.0,105.0,8.76,20.0,Fall 2019,ncsu,3
314.0,95.0,8.6,0.0,Fall 2019,ncsu,3
314.0,90.0,7.5,18.0,Fall 2019,ncsu,3
320.0,107.0,70.0,0.0,Fall 2019,ncsu,3
312.0,91.0,72.0,60.0,Fall 2019,ncsu,3
327.0,114.0,7.6,18.0,Fall 2019,ncsu,3
316.0,97.0,8.96,16.0,Fall 2019,ncsu,3
318.0,108.0,8.54,24.0,Fall 2019,ncsu,3
319.0,110.0,8.52,43.0,Fall 2019,ncsu,3
323.0,111.0,8.76,19.0,Fall 2019,ncsu,3
321.0,99.0,6.23,18.0,Fall 2019,ncsu,3
320.0,114.0,8.25,21.0,Fall 2019,ncsu,3
326.0,114.0,8.97,0.0,Fall 2019,ncsu,3
328.0,114.0,8.36,41.0,Fall 2019,ncsu,3
317.0,100.0,8.39,31.0,Fall 2019,ncsu,3
319.0,102.0,6.89,26.0,Fall 2019,ncsu,3
330.0,117.0,8.1,1.0,Fall 2019,ncsu,3
311.0,99.0,8.58,0.0,Fall 2019,ncsu,3
312.0,97.0,8.79,14.0,Fall 2019,ncsu,3
329.0,112.0,8.96,21.0,Fall 2019,ncsu,3
316.0,103.0,73.0,33.0,Fall 2019,ncsu,3
305.0,100.0,72.0,15.0,Fall 2019,ncsu,3
311.0,107.0,8.06,0.0,Fall 2019,ncsu,3
329.0,114.0,8.13,3.0,Fall 2019,ncsu,3
314.0,108.0,83.4,22.0,Fall 2019,ncsu,3
325.0,111.0,8.7,7.0,Fall 2019,ncsu,3
317.0,114.0,8.8,4.0,Fall 2019,ncsu,3
323.0,109.0,9.04,32.0,Fall 2019,ncsu,3
311.0,112.0,7.8,15.0,Fall 2019,ncsu,3
308.0,95.0,8.41,14.0,Fall 2017,ncsu,3
314.0,96.0,7.7,36.0,Fall 2019,ncsu,3
313.0,113.0,8.75,6.0,Fall 2019,ncsu,3
332.0,115.0,75.0,9.0,Fall 2019,ncsu,3
317.0,112.0,9.28,9.0,Fall 2019,ncsu,3
333.0,116.0,7.62,18.0,Fall 2019,ncsu,3
314.0,114.0,8.3,0.0,Fall 2019,ncsu,3
318.0,112.0,9.15,36.0,Fall 2018,ncsu,3
311.0,99.0,7.5,2.0,Fall 2019,ncsu,3
329.0,112.0,8.7,14.0,Fall 2019,ncsu,3
306.0,101.0,67.0,3.0,Fall 2019,ncsu,3
319.0,115.0,9.12,2.0,Fall 2019,ncsu,3
316.0,103.0,8.25,23.0,Fall 2020,ncsu,3
315.0,101.0,8.706,15.0,Fall 2019,ncsu,3
305.0,102.0,9.16,29.0,Fall 2019,ncsu,3
320.0,109.0,72.64,18.0,Fall 2019,ncsu,3
307.0,101.0,9.04,36.0,Fall 2019,ncsu,3
317.0,104.0,7.65,19.0,Fall 2019,ncsu,3
324.0,105.0,7.1,32.0,Fall 2019,ncsu,3
322.0,114.0,7.35,0.0,Fall 2019,ncsu,3
317.0,112.0,8.5,11.0,Fall 2019,ncsu,3
317.0,110.0,8.4,43.0,Fall 2020,ncsu,3
324.0,109.0,8.35,22.0,Fall 2019,ncsu,3
321.0,106.0,7.48,2.0,Fall 2019,ncsu,3
314.0,0.0,66.44,36.0,Fall 2019,ncsu,3
321.0,115.0,7.94,28.0,Fall 2019,ncsu,3
323.0,103.0,7.6,18.0,Fall 2019,ncsu,3
317.0,106.0,82.5,32.0,Fall 2019,ncsu,3
316.0,108.0,8.07,24.0,Fall 2019,ncsu,3
313.0,102.0,6.59,30.0,Fall 2019,ncsu,3
313.0,110.0,63.0,6.0,Fall 2019,ncsu,3
309.0,93.0,8.61,9.0,Fall 2019,ncsu,3
322.0,112.0,77.0,19.0,Fall 2019,ncsu,3
311.0,101.0,7.23,18.0,Fall 2019,ncsu,3
315.0,111.0,80.0,26.0,Fall 2019,ncsu,3
317.0,113.0,9.15,30.0,Fall 2019,ncsu,3
316.0,114.0,68.9,31.0,Fall 2019,ncsu,3
318.0,101.0,7.8,4.0,Fall 2019,ncsu,3
315.0,109.0,7.3,28.0,Fall 2019,ncsu,3
312.0,94.0,7.13,31.0,Fall 2019,ncsu,3
311.0,91.0,7.08,6.0,Fall 2019,ncsu,3
315.0,96.0,8.52,36.0,Fall 2019,ncsu,3
318.0,109.0,7.54,15.0,Fall 2018,ncsu,3
310.0,94.0,8.61,29.0,Fall 2019,ncsu,3
322.0,114.0,7.13,8.0,Fall 2019,ncsu,3
333.0,110.0,8.65,36.0,Spring 2019,ncsu,3
312.0,105.0,9.01,20.0,Fall 2019,ncsu,3
315.0,107.0,7.2,28.0,Fall 2019,ncsu,3
324.0,107.0,8.17,20.0,Fall 2019,ncsu,3
315.0,94.0,76.16,30.0,Fall 2019,ncsu,3
315.0,106.0,81.6,6.0,Fall 2019,ncsu,3
316.0,108.0,8.08,30.0,Fall 2019,ncsu,3
315.0,111.0,8.34,5.0,Fall 2019,ncsu,3
313.0,97.0,76.0,26.0,Fall 2019,ncsu,3
314.0,110.0,8.88,25.0,Fall 2019,ncsu,3
317.0,106.0,61.12,19.0,Fall 2019,ncsu,3
319.0,112.0,8.5,0.0,Fall 2019,ncsu,3
318.0,96.0,8.54,26.0,Fall 2019,ncsu,3
309.0,101.0,7.63,5.0,Fall 2019,ncsu,3
317.0,102.0,73.0,49.0,Fall 2019,ncsu,3
327.0,117.0,8.2,17.0,Fall 2019,ncsu,3
322.0,108.0,8.09,32.0,Fall 2019,ncsu,3
316.0,106.0,8.96,1.0,Fall 2019,ncsu,3
315.0,104.0,8.08,27.0,Fall 2019,ncsu,3
320.0,109.0,86.93,2.0,Fall 2019,ncsu,3
314.0,96.0,8.35,27.0,Fall 2019,ncsu,3
317.0,108.0,7.57,18.0,Fall 2019,ncsu,3
308.0,95.0,8.6,31.0,Fall 2019,ncsu,3
308.0,94.0,7.3,15.0,Fall 2019,ncsu,3
318.0,97.0,8.06,18.0,Fall 2018,ncsu,3
305.0,0.0,7.81,20.0,Fall 2019,ncsu,3
314.0,107.0,7.47,24.0,Fall 2019,ncsu,3
309.0,93.0,8.95,44.0,Fall 2019,ncsu,3
322.0,108.0,7.9,60.0,Fall 2019,ncsu,3
321.0,109.0,7.5,0.0,Fall 2019,ncsu,3
316.0,94.0,7.71,5.0,Fall 2019,ncsu,3
310.0,109.0,8.51,18.0,Fall 2019,ncsu,3
327.0,112.0,8.9,4.0,Fall 2019,ncsu,3
315.0,109.0,8.74,24.0,Fall 2018,ncsu,3
324.0,115.0,8.25,0.0,Fall 2019,ncsu,3
319.0,101.0,7.49,52.0,Fall 2019,ncsu,3
319.0,103.0,7.15,40.0,Fall 2019,ncsu,3
315.0,96.0,8.44,17.0,Fall 2019,ncsu,3
325.0,104.0,7.73,18.0,Fall 2019,ncsu,3
317.0,100.0,8.08,24.0,Fall 2019,ncsu,3
318.0,108.0,7.34,24.0,Fall 2019,ncsu,3
316.0,102.0,8.25,19.0,Fall 2018,ncsu,3
311.0,101.0,85.307,19.0,Fall 2019,ncsu,3
311.0,102.0,9.16,16.0,Fall 2019,ncsu,3
315.0,95.0,7.39,18.0,Fall 2019,ncsu,3
324.0,114.0,7.54,11.0,Fall 2019,ncsu,3
319.0,108.0,8.11,29.0,Fall 2019,ncsu,3
318.0,108.0,8.77,26.0,Fall 2019,ncsu,3
310.0,109.0,81.0,30.0,Fall 2019,ncsu,3
318.0,108.0,67.0,6.0,Fall 2019,ncsu,3
305.0,97.0,8.5,12.0,Fall 2019,ncsu,3
308.0,100.0,7.44,39.0,Fall 2019,ncsu,3
325.0,115.0,89.61,1.0,Fall 2019,ncsu,3
316.0,112.0,76.0,20.0,Fall 2019,ncsu,3
313.0,104.0,8.85,18.0,Fall 2019,ncsu,3
317.0,101.0,7.6,27.0,Spring 2020,ncsu,3
308.0,112.0,91.0,0.0,Fall 2019,ncsu,3
285.0,101.0,7.43,0.0,Fall 2019,ncsu,3
321.0,115.0,7.69,0.0,Fall 2019,ncsu,3
316.0,103.0,8.3,31.0,Fall 2019,ncsu,3
315.0,108.0,7.48,0.0,Fall 2019,ncsu,3
331.0,109.0,65.0,6.0,Fall 2019,ncsu,3
317.0,105.0,7.92,12.0,Fall 2019,ncsu,3
313.0,98.0,8.76,44.0,Fall 2019,ncsu,3
322.0,114.0,7.98,7.0,Fall 2019,ncsu,3
311.0,96.0,7.7,24.0,Fall 2019,ncsu,3
320.0,114.0,73.0,12.0,Fall 2019,ncsu,3
314.0,103.0,9.09,24.0,Fall 2019,ncsu,3
321.0,101.0,7.83,15.0,Fall 2019,ncsu,3
319.0,112.0,8.34,13.0,Fall 2019,ncsu,3
310.0,105.0,8.98,10.0,Fall 2019,ncsu,3
323.0,112.0,7.86,6.0,Fall 2019,ncsu,3
307.0,109.0,8.9,24.0,Fall 2019,ncsu,3
321.0,108.0,7.5,16.0,Fall 2019,ncsu,3
299.0,109.0,78.3,1.0,Fall 2019,ncsu,3
326.0,110.0,6.7,40.0,Fall 2019,ncsu,3
312.0,104.0,7.98,0.0,Fall 2019,ncsu,3
329.0,111.0,9.02,17.0,Fall 2019,ncsu,3
319.0,110.0,80.0,14.0,Fall 2019,ncsu,3
314.0,102.0,8.3,10.0,Fall 2019,ncsu,3
307.0,0.0,8.5,18.0,Fall 2019,ncsu,3
318.0,102.0,73.4,26.0,Fall 2019,ncsu,3
323.0,110.0,8.84,34.0,Fall 2019,ncsu,3
324.0,107.0,7.1,13.0,Fall 2019,ncsu,3
320.0,102.0,8.55,22.0,Fall 2019,ncsu,3
315.0,97.0,8.35,31.0,Fall 2019,ncsu,3
313.0,100.0,68.16,17.0,Fall 2019,ncsu,3
325.0,110.0,7.65,36.0,Fall 2019,ncsu,3
320.0,101.0,7.32,48.0,Fall 2019,ncsu,3
312.0,109.0,7.69,60.0,Fall 2020,ncsu,3
307.0,91.0,7.73,32.0,Fall 2019,ncsu,3
318.0,100.0,6.8,30.0,Fall 2019,ncsu,3
310.0,100.0,8.4,48.0,Fall 2019,ncsu,3
315.0,106.0,8.4,3.0,Fall 2019,ncsu,3
313.0,94.0,8.82,41.0,Fall 2019,ncsu,3
321.0,106.0,7.91,39.0,Fall 2019,ncsu,3
317.0,100.0,8.5,12.0,Fall 2019,ncsu,3
310.0,109.0,7.31,5.0,Fall 2019,ncsu,3
308.0,93.0,8.33,14.0,Fall 2018,ncsu,3
325.0,112.0,9.0,5.0,Fall 2019,ncsu,3
314.0,102.0,8.65,16.0,Fall 2019,ncsu,3
311.0,102.0,8.9,37.0,Fall 2019,ncsu,3
321.0,109.0,7.27,20.0,Fall 2019,ncsu,3
307.0,91.0,84.0,18.0,Fall 2019,ncsu,3
312.0,98.0,69.45,33.0,Fall 2019,ncsu,3
316.0,114.0,8.52,1.0,Fall 2019,ncsu,3
318.0,100.0,6.9,28.0,Fall 2019,ncsu,3
328.0,106.0,7.11,30.0,Fall 2019,ncsu,3
314.0,109.0,8.16,13.0,Fall 2019,ncsu,3
322.0,100.0,7.65,18.0,Fall 2019,ncsu,3
322.0,109.0,7.49,20.0,Fall 2019,ncsu,3
320.0,103.0,7.42,28.0,Fall 2019,ncsu,3
312.0,96.0,6.53,18.0,Fall 2019,ncsu,3
322.0,109.0,9.07,3.0,Fall 2019,ncsu,3
305.0,0.0,8.21,13.0,Fall 2019,ncsu,3
318.0,107.0,8.4,11.0,Fall 2019,ncsu,3
323.0,105.0,7.13,52.0,Fall 2019,ncsu,3
324.0,108.0,8.22,30.0,Fall 2019,ncsu,3
316.0,106.0,7.67,28.0,Fall 2019,ncsu,3
306.0,93.0,8.81,0.0,Fall 2019,ncsu,3
313.0,103.0,7.34,60.0,Fall 2019,ncsu,3
312.0,102.0,9.12,3.0,Fall 2019,ncsu,3
324.0,105.0,75.94,0.0,Fall 2019,ncsu,3
308.0,102.0,0.0,12.0,Fall 2019,ncsu,3
310.0,105.0,7.57,0.0,Fall 2019,ncsu,3
312.0,98.0,74.0,22.0,Fall 2019,ncsu,3
322.0,114.0,7.9,2.0,Fall 2019,ncsu,3
316.0,113.0,7.84,2.0,Fall 2019,ncsu,3
312.0,107.0,6.47,12.0,Fall 2019,ncsu,3
315.0,97.0,8.82,24.0,Fall 2019,ncsu,3
312.0,106.0,8.7,32.0,Fall 2019,ncsu,3
313.0,95.0,8.0,0.0,Fall 2019,ncsu,3
327.0,108.0,8.7,28.0,Fall 2019,ncsu,3
320.0,105.0,6.6,0.0,Fall 2019,ncsu,3
323.0,110.0,7.995,60.0,Fall 2019,ncsu,3
331.0,114.0,6.81,8.0,Fall 2019,ncsu,3
329.0,110.0,7.83,3.0,Fall 2018,ncsu,3
314.0,104.0,80.0,29.0,Fall 2019,ncsu,3
329.0,106.0,7.7,33.0,Fall 2019,ncsu,3
316.0,99.0,7.79,12.0,Fall 2019,ncsu,3
310.0,109.0,8.7,4.0,Fall 2019,ncsu,3
322.0,103.0,8.4,2.0,Fall 2019,ncsu,3
312.0,118.0,8.6,20.0,Fall 2019,ncsu,3
310.0,101.0,70.0,27.0,Fall 2019,ncsu,3
312.0,91.0,7.83,21.0,Fall 2020,ncsu,3
320.0,108.0,8.23,48.0,Fall 2019,ncsu,3
317.0,105.0,8.48,30.0,Fall 2019,ncsu,3
323.0,113.0,8.1,0.0,Fall 2019,ncsu,3
311.0,89.0,8.7,15.0,Fall 2019,ncsu,3
314.0,99.0,8.41,0.0,Fall 2019,ncsu,3
320.0,106.0,7.46,32.0,Fall 2019,ncsu,3
320.0,113.0,73.94,82.0,Fall 2019,ncsu,3
320.0,107.0,7.7,22.0,Fall 2019,ncsu,3
313.0,109.0,9.78,0.0,Fall 2019,ncsu,3
314.0,105.0,8.72,19.0,Fall 2019,ncsu,3
318.0,103.0,7.45,20.0,Fall 2019,ncsu,3
312.0,102.0,9.72,44.0,Fall 2019,ncsu,3
318.0,109.0,6.9,36.0,Fall 2019,ncsu,3
320.0,118.0,8.79,15.0,Fall 2019,ncsu,3
324.0,112.0,8.6,39.0,Fall 2019,ncsu,3
317.0,109.0,8.85,47.0,Fall 2019,ncsu,3
323.0,110.0,77.8,0.0,Fall 2019,ncsu,3
323.0,116.0,8.79,25.0,Fall 2019,ncsu,3
316.0,100.0,73.3,40.0,Fall 2019,ncsu,3
314.0,102.0,8.78,38.0,Fall 2019,ncsu,3
306.0,91.0,7.574,38.0,Fall 2019,ncsu,3
318.0,104.0,8.4,34.0,Fall 2019,ncsu,3
320.0,98.0,7.5,0.0,Fall 2019,ncsu,3
314.0,101.0,8.18,27.0,Fall 2019,ncsu,3
320.0,99.0,8.28,18.0,Fall 2019,ncsu,3
314.0,101.0,9.16,0.0,Fall 2019,ncsu,3
317.0,114.0,85.0,2.0,Fall 2019,ncsu,3
310.0,99.0,8.5,0.0,Fall 2019,ncsu,3
331.0,115.0,67.07,46.0,Fall 2019,ncsu,3
321.0,109.0,7.9,44.0,Fall 2019,ncsu,3
308.0,84.0,8.2,27.0,Fall 2019,ncsu,3
306.0,92.0,69.73,0.0,Fall 2019,ncsu,3
315.0,109.0,8.99,2.0,Fall 2019,ncsu,3
312.0,100.0,76.0,21.0,Fall 2019,ncsu,3
308.0,96.0,8.79,24.0,Fall 2019,ncsu,3
322.0,105.0,8.31,22.0,Fall 2019,ncsu,3
316.0,107.0,7.97,4.0,Fall 2019,ncsu,3
316.0,111.0,71.0,32.0,Fall 2019,ncsu,3
314.0,114.0,8.0,1.0,Fall 2019,ncsu,3
328.0,107.0,7.4,31.0,Fall 2019,ncsu,3
314.0,102.0,7.0,20.0,Fall 2019,ncsu,3
317.0,95.0,7.223,20.0,Fall 2019,ncsu,3
323.0,104.0,7.72,3.0,Fall 2019,ncsu,3
321.0,110.0,8.43,6.0,Fall 2019,ncsu,3
319.0,113.0,8.1,0.0,Fall 2019,ncsu,3
317.0,112.0,7.3,30.0,Fall 2019,ncsu,3
322.0,109.0,84.0,23.0,Fall 2019,ncsu,3
312.0,107.0,8.65,16.0,Fall 2019,ncsu,3
315.0,100.0,66.36,1.0,Fall 2019,ncsu,3
312.0,100.0,8.62,14.0,Fall 2019,ncsu,3
316.0,108.0,8.68,11.0,Fall 2019,ncsu,3
321.0,112.0,8.39,5.0,Fall 2019,ncsu,3
326.0,113.0,60.0,18.0,Fall 2019,ncsu,3
315.0,101.0,80.0,36.0,Fall 2019,ncsu,3
326.0,109.0,6.36,67.0,Fall 2019,ncsu,3
315.0,101.0,8.58,46.0,Fall 2019,ncsu,3
312.0,91.0,8.18,0.0,Fall 2019,ncsu,3
309.0,101.0,9.5,0.0,Fall 2019,ncsu,3
316.0,96.0,65.93,40.0,Fall 2019,ncsu,3
307.0,98.0,6.14,28.0,Fall 2018,ncsu,3
314.0,103.0,8.9,17.0,Fall 2019,ncsu,3
325.0,105.0,7.37,28.0,Fall 2019,ncsu,3
312.0,107.0,8.1,25.0,Fall 2019,ncsu,3
308.0,102.0,8.19,4.0,Fall 2018,ncsu,3
321.0,0.0,9.0,6.0,Fall 2019,ncsu,3
316.0,109.0,7.8,2.0,Fall 2019,ncsu,3
321.0,101.0,9.08,0.0,Fall 2019,ncsu,3
315.0,103.0,8.58,31.0,Fall 2019,ncsu,3
324.0,101.0,8.49,1.0,Fall 2019,ncsu,3
319.0,109.0,70.0,13.0,Fall 2019,ncsu,3
321.0,105.0,73.0,9.0,Fall 2019,ncsu,3
314.0,111.0,74.0,52.0,Fall 2019,ncsu,3
295.0,92.0,64.56,43.0,Fall 2019,ncsu,3
310.0,109.0,8.75,0.0,Fall 2019,ncsu,3
320.0,108.0,6.35,43.0,Fall 2018,ncsu,3
312.0,96.0,7.45,1.0,Fall 2019,ncsu,3
314.0,108.0,8.7,28.0,Fall 2019,ncsu,3
315.0,105.0,9.1,8.0,Fall 2019,ncsu,3
321.0,110.0,9.56,0.0,Fall 2019,ncsu,3
317.0,114.0,72.77,24.0,Fall 2019,ncsu,3
315.0,105.0,74.4,29.0,Fall 2019,ncsu,3
318.0,110.0,8.75,53.0,Fall 2019,ncsu,3
321.0,105.0,7.36,28.0,Fall 2019,ncsu,3
315.0,107.0,66.0,36.0,Fall 2019,ncsu,3
327.0,115.0,7.99,30.0,Fall 2019,ncsu,3
318.0,112.0,8.0,0.0,Fall 2019,ncsu,3
310.0,106.0,82.82,60.0,Fall 2019,ncsu,3
314.0,108.0,8.44,17.0,Fall 2019,ncsu,3
319.0,106.0,61.0,38.0,Fall 2019,ncsu,3
314.0,114.0,9.38,23.0,Fall 2019,ncsu,3
319.0,104.0,8.37,5.0,Fall 2019,ncsu,3
314.0,103.0,8.16,24.0,Fall 2019,ncsu,3
318.0,107.0,9.02,2.0,Fall 2019,ncsu,3
310.0,108.0,8.0,6.0,Fall 2019,ncsu,3
325.0,108.0,8.54,25.0,Fall 2019,ncsu,3
303.0,100.0,75.3,53.0,Fall 2019,ncsu,3
314.0,102.0,7.6,0.0,Fall 2019,ncsu,3
314.0,93.0,7.88,0.0,Fall 2019,ncsu,3
314.0,100.0,8.82,36.0,Fall 2019,ncsu,3
316.0,112.0,8.08,27.0,Fall 2019,ncsu,3
307.0,105.0,9.12,25.0,Fall 2019,ncsu,3
319.0,104.0,9.14,15.0,Fall 2019,ncsu,3
310.0,94.0,7.24,36.0,Fall 2019,ncsu,3
318.0,99.0,81.0,24.0,Fall 2019,ncsu,3
325.0,108.0,7.91,2.0,Fall 2019,ncsu,3
321.0,98.0,8.08,25.0,Fall 2019,ncsu,3
320.0,109.0,8.69,20.0,Fall 2019,ncsu,3
320.0,110.0,8.85,24.0,Fall 2019,ncsu,3
334.0,119.0,90.0,50.0,Fall 2019,ncsu,3
307.0,102.0,87.75,4.0,Fall 2019,ncsu,3
327.0,100.0,8.91,21.0,Fall 2019,ncsu,3
323.0,107.0,7.54,36.0,Fall 2018,ncsu,3
319.0,103.0,7.2,27.0,Fall 2018,ncsu,3
314.0,101.0,8.02,34.0,Fall 2018,ncsu,3
322.0,103.0,65.0,8.0,Fall 2018,ncsu,3
317.0,104.0,8.03,21.0,Fall 2018,ncsu,3
320.0,106.0,8.46,2.0,Fall 2018,ncsu,3
315.0,103.0,8.1,13.0,Fall 2018,ncsu,3
323.0,106.0,71.0,0.0,Fall 2018,ncsu,3
322.0,115.0,6.6,2.0,Fall 2018,ncsu,3
317.0,95.0,68.8,18.0,Fall 2018,ncsu,3
315.0,104.0,77.0,3.0,Fall 2018,ncsu,3
308.0,93.0,8.07,29.0,Fall 2018,ncsu,3
320.0,99.0,7.5,45.0,Fall 2018,ncsu,3
322.0,107.0,64.3,0.0,Fall 2018,ncsu,3
319.0,104.0,7.7,0.0,Fall 2018,ncsu,3
308.0,101.0,8.93,24.0,Fall 2018,ncsu,3
321.0,118.0,8.93,16.0,Fall 2018,ncsu,3
320.0,97.0,8.31,15.0,Fall 2018,ncsu,3
314.0,103.0,7.12,18.0,Fall 2018,ncsu,3
322.0,0.0,68.0,30.0,Fall 2018,ncsu,3
314.0,0.0,80.6,0.0,Fall 2018,ncsu,3
317.0,110.0,9.23,0.0,Fall 2018,ncsu,3
320.0,0.0,7.85,19.0,Fall 2018,ncsu,3
310.0,0.0,8.78,4.0,Fall 2018,ncsu,3
306.0,90.0,70.25,34.0,Fall 2018,ncsu,3
322.0,101.0,65.0,8.0,Fall 2018,ncsu,3
316.0,0.0,73.51,15.0,Fall 2018,ncsu,3
320.0,109.0,57.0,9.0,Fall 2018,ncsu,3
324.0,115.0,8.1,30.0,Fall 2018,ncsu,3
316.0,98.0,7.01,30.0,Fall 2018,ncsu,3
322.0,109.0,8.46,40.0,Fall 2018,ncsu,3
316.0,110.0,7.61,0.0,Fall 2018,ncsu,3
324.0,0.0,60.0,18.0,Fall 2018,ncsu,3
317.0,96.0,7.45,24.0,Fall 2018,ncsu,3
320.0,110.0,8.15,16.0,Fall 2018,ncsu,3
311.0,106.0,7.9,3.0,Fall 2018,ncsu,3
312.0,97.0,8.62,0.0,Fall 2018,ncsu,3
312.0,0.0,7.65,0.0,Fall 2018,ncsu,3
328.0,0.0,64.95,0.0,Fall 2018,ncsu,3
317.0,102.0,70.0,6.0,Fall 2018,ncsu,3
323.0,114.0,8.36,12.0,Fall 2018,ncsu,3
314.0,96.0,7.8,5.0,Fall 2018,ncsu,3
328.0,0.0,6.81,19.0,Fall 2018,ncsu,3
313.0,109.0,84.4,15.0,Fall 2018,ncsu,3
319.0,106.0,8.25,34.0,Fall 2018,ncsu,3
320.0,106.0,7.3,17.0,Fall 2018,ncsu,3
326.0,0.0,6.95,19.0,Fall 2018,ncsu,3
321.0,103.0,7.8,22.0,Fall 2018,ncsu,3
316.0,97.0,72.0,2.0,Fall 2018,ncsu,3
313.0,99.0,8.46,29.0,Fall 2018,ncsu,3
310.0,101.0,8.55,0.0,Fall 2018,ncsu,3
325.0,118.0,8.9,12.0,Fall 2018,ncsu,3
315.0,0.0,7.34,0.0,Fall 2018,ncsu,3
317.0,105.0,7.7,1.0,Fall 2018,ncsu,3
325.0,106.0,71.73,31.0,Fall 2018,ncsu,3
320.0,109.0,77.73,24.0,Fall 2018,ncsu,3
319.0,114.0,8.0,0.0,Fall 2018,ncsu,3
312.0,115.0,70.0,1.0,Fall 2018,ncsu,3
321.0,0.0,80.69,48.0,Fall 2018,ncsu,3
315.0,0.0,66.0,30.0,Fall 2018,ncsu,3
321.0,115.0,74.86,33.0,Fall 2018,ncsu,3
326.0,102.0,7.56,0.0,Fall 2018,ncsu,3
308.0,103.0,72.0,1.0,Fall 2018,ncsu,3
322.0,116.0,9.16,11.0,Fall 2018,ncsu,3
319.0,91.0,7.86,0.0,Fall 2018,ncsu,3
317.0,105.0,8.07,24.0,Fall 2018,ncsu,3
317.0,0.0,8.9,16.0,Fall 2018,ncsu,3
312.0,0.0,7.24,0.0,Fall 2018,ncsu,3
318.0,114.0,7.76,23.0,Fall 2018,ncsu,3
317.0,108.0,8.28,41.0,Fall 2018,ncsu,3
311.0,101.0,9.2,24.0,Fall 2018,ncsu,3
313.0,101.0,7.46,15.0,Fall 2018,ncsu,3
310.0,103.0,7.98,54.0,Fall 2018,ncsu,3
322.0,111.0,8.6,20.0,Fall 2018,ncsu,3
321.0,105.0,7.1,1.0,Fall 2018,ncsu,3
315.0,104.0,7.43,2.0,Fall 2018,ncsu,3
313.0,103.0,85.96,48.0,Fall 2018,ncsu,3
319.0,0.0,8.901,0.0,Fall 2018,ncsu,3
318.0,116.0,64.5,25.0,Fall 2018,ncsu,3
313.0,106.0,8.56,0.0,Fall 2018,ncsu,3
319.0,109.0,7.2,4.0,Fall 2018,ncsu,3
326.0,0.0,7.53,32.0,Fall 2018,ncsu,3
325.0,111.0,8.23,21.0,Fall 2018,ncsu,3
320.0,105.0,9.01,16.0,Fall 2018,ncsu,3
318.0,101.0,9.36,16.0,Fall 2018,ncsu,3
321.0,106.0,8.5,0.0,Fall 2018,ncsu,3
329.0,109.0,7.59,20.0,Fall 2018,ncsu,3
317.0,104.0,76.81,3.0,Fall 2018,ncsu,3
312.0,85.0,86.0,30.0,Fall 2018,ncsu,3
325.0,114.0,65.0,2.0,Fall 2018,ncsu,3
312.0,104.0,7.85,12.0,Fall 2018,ncsu,3
319.0,110.0,68.0,18.0,Fall 2018,ncsu,3
314.0,105.0,8.5,41.0,Fall 2018,ncsu,3
319.0,102.0,9.03,18.0,Fall 2018,ncsu,3
320.0,0.0,9.3,30.0,Fall 2018,ncsu,3
310.0,93.0,7.77,2.0,Fall 2018,ncsu,3
315.0,114.0,91.5,0.0,Fall 2018,ncsu,3
320.0,0.0,7.48,27.0,Fall 2018,ncsu,3
314.0,109.0,81.08,27.0,Fall 2019,ncsu,3
314.0,105.0,73.0,18.0,Fall 2018,ncsu,3
307.0,89.0,8.14,13.0,Fall 2018,ncsu,3
318.0,90.0,8.6,30.0,Fall 2018,ncsu,3
322.0,101.0,82.0,6.0,Fall 2018,ncsu,3
324.0,112.0,7.91,15.0,Fall 2018,ncsu,3
309.0,100.0,8.75,15.0,Fall 2018,ncsu,3
325.0,113.0,8.09,32.0,Fall 2018,ncsu,3
318.0,113.0,7.7,10.0,Fall 2018,ncsu,3
312.0,103.0,70.0,36.0,Fall 2018,ncsu,3
315.0,108.0,83.3,8.0,Fall 2018,ncsu,3
320.0,111.0,85.5,0.0,Fall 2018,ncsu,3
311.0,108.0,79.4,19.0,Fall 2018,ncsu,3
315.0,94.0,7.4,8.0,Fall 2018,ncsu,3
309.0,99.0,8.0,42.0,Fall 2018,ncsu,3
322.0,110.0,9.01,11.0,Fall 2018,ncsu,3
314.0,106.0,8.2,18.0,Fall 2018,ncsu,3
328.0,113.0,9.25,4.0,Fall 2018,ncsu,3
312.0,112.0,8.92,11.0,Fall 2018,ncsu,3
316.0,100.0,7.25,6.0,Fall 2018,ncsu,3
313.0,96.0,8.6,28.0,Fall 2018,ncsu,3
325.0,116.0,9.31,23.0,Fall 2018,ncsu,3
309.0,97.0,8.06,24.0,Fall 2018,ncsu,3
317.0,0.0,8.36,24.0,Fall 2018,ncsu,3
321.0,114.0,7.7,0.0,Fall 2018,ncsu,3
322.0,111.0,7.87,41.0,Fall 2018,ncsu,3
307.0,101.0,83.4,2.0,Fall 2018,ncsu,3
321.0,100.0,8.88,33.0,Fall 2018,ncsu,3
319.0,104.0,9.0,36.0,Fall 2018,ncsu,3
326.0,0.0,9.0,17.0,Fall 2018,ncsu,3
319.0,109.0,8.23,32.0,Fall 2018,ncsu,3
316.0,104.0,9.2,18.0,Fall 2018,ncsu,3
320.0,102.0,7.5,33.0,Fall 2017,ncsu,3
316.0,106.0,9.21,24.0,Fall 2018,ncsu,3
313.0,101.0,7.41,33.0,Fall 2018,ncsu,3
321.0,113.0,9.65,26.0,Fall 2018,ncsu,3
321.0,0.0,6.92,18.0,Fall 2018,ncsu,3
313.0,101.0,71.69,68.0,Fall 2018,ncsu,3
314.0,92.0,72.0,18.0,Fall 2018,ncsu,3
321.0,0.0,74.49,14.0,Fall 2018,ncsu,3
320.0,109.0,8.9,36.0,Fall 2018,ncsu,3
321.0,106.0,9.58,0.0,Fall 2018,ncsu,3
320.0,114.0,70.86,29.0,Fall 2018,ncsu,3
314.0,96.0,70.0,50.0,Fall 2018,ncsu,3
319.0,0.0,7.9,14.0,Fall 2018,ncsu,3
328.0,115.0,8.14,13.0,Fall 2018,ncsu,3
319.0,110.0,9.09,12.0,Fall 2018,ncsu,3
319.0,0.0,8.5,23.0,Fall 2018,ncsu,3
315.0,112.0,67.17,12.0,Fall 2018,ncsu,3
321.0,101.0,75.9,64.0,Fall 2018,ncsu,3
313.0,108.0,8.42,16.0,Fall 2018,ncsu,3
310.0,111.0,79.0,2.0,Fall 2018,ncsu,3
318.0,107.0,8.18,1.0,Fall 2018,ncsu,3
319.0,109.0,8.2,7.0,Fall 2018,ncsu,3
307.0,110.0,9.0,37.0,Fall 2018,ncsu,3
316.0,110.0,8.41,36.0,Fall 2018,ncsu,3
318.0,116.0,9.35,32.0,Fall 2018,ncsu,3
310.0,0.0,66.0,0.0,Fall 2018,ncsu,3
324.0,112.0,7.76,14.0,Fall 2018,ncsu,3
329.0,106.0,63.0,36.0,Fall 2018,ncsu,3
325.0,109.0,7.96,42.0,Fall 2018,ncsu,3
316.0,109.0,7.07,13.0,Fall 2018,ncsu,3
327.0,112.0,7.7,32.0,Fall 2018,ncsu,3
314.0,99.0,7.47,3.0,Fall 2018,ncsu,3
308.0,107.0,8.72,57.0,Fall 2018,ncsu,3
319.0,0.0,8.0,20.0,Fall 2018,ncsu,3
311.0,101.0,80.0,39.0,Fall 2018,ncsu,3
319.0,98.0,7.55,31.0,Fall 2018,ncsu,3
332.0,114.0,8.19,34.0,Fall 2019,ncsu,3
322.0,107.0,7.16,27.0,Fall 2018,ncsu,3
322.0,108.0,8.2,45.0,Fall 2018,ncsu,3
321.0,109.0,9.12,34.0,Fall 2018,ncsu,3
324.0,112.0,8.14,14.0,Fall 2018,ncsu,3
319.0,0.0,8.3,0.0,Fall 2018,ncsu,3
316.0,104.0,7.6,21.0,Fall 2018,ncsu,3
308.0,87.0,73.4,48.0,Fall 2018,ncsu,3
307.0,101.0,8.1,34.0,Fall 2018,ncsu,3
311.0,100.0,88.0,20.0,Fall 2018,ncsu,3
317.0,104.0,70.0,16.0,Fall 2018,ncsu,3
323.0,110.0,9.097999999999999,1.0,Fall 2018,ncsu,3
309.0,105.0,8.4,1.0,Fall 2018,ncsu,3
330.0,0.0,8.87,8.0,Fall 2018,ncsu,3
312.0,104.0,7.4,30.0,Fall 2018,ncsu,3
317.0,102.0,7.72,13.0,Fall 2018,ncsu,3
324.0,109.0,9.07,20.0,Fall 2018,ncsu,3
316.0,114.0,8.45,0.0,Fall 2018,ncsu,3
328.0,108.0,8.03,0.0,Fall 2018,ncsu,3
320.0,101.0,8.36,7.0,Fall 2018,ncsu,3
319.0,101.0,85.45,7.0,Fall 2018,ncsu,3
325.0,103.0,85.0,32.0,Fall 2018,ncsu,3
314.0,0.0,8.42,29.0,Fall 2018,ncsu,3
311.0,102.0,7.56,27.0,Spring 2019,ncsu,3
316.0,114.0,7.79,15.0,Fall 2018,ncsu,3
316.0,114.0,76.83,3.0,Fall 2018,ncsu,3
314.0,110.0,9.14,2.0,Fall 2018,ncsu,3
328.0,113.0,76.5,16.0,Fall 2018,ncsu,3
318.0,102.0,7.65,29.0,Fall 2018,ncsu,3
320.0,106.0,7.53,25.0,Fall 2018,ncsu,3
316.0,104.0,8.01,0.0,Fall 2018,ncsu,3
328.0,110.0,9.04,1.0,Fall 2018,ncsu,3
315.0,103.0,8.67,19.0,Fall 2018,ncsu,3
319.0,107.0,9.0,24.0,Fall 2020,ncsu,3
326.0,120.0,70.0,1.0,Fall 2018,ncsu,3
312.0,101.0,83.0,0.0,Fall 2018,ncsu,3
315.0,98.0,8.15,26.0,Fall 2018,ncsu,3
309.0,117.0,70.0,12.0,Fall 2018,ncsu,3
308.0,101.0,9.2,0.0,Fall 2018,ncsu,3
322.0,104.0,84.5,0.0,Fall 2018,ncsu,3
313.0,110.0,7.86,29.0,Fall 2018,ncsu,3
310.0,99.0,6.8,13.0,Fall 2018,ncsu,3
315.0,102.0,8.2,16.0,Fall 2018,ncsu,3
317.0,95.0,8.59,32.0,Fall 2018,ncsu,3
316.0,112.0,80.3,11.0,Fall 2018,ncsu,3
304.0,96.0,7.46,0.0,Fall 2018,ncsu,3
307.0,99.0,7.92,26.0,Spring 2018,ncsu,3
309.0,101.0,78.6,0.0,Fall 2012,ncsu,3
316.0,101.0,8.2,0.0,Fall 2011,ncsu,3
319.0,102.0,65.0,0.0,Fall 2011,ncsu,3
324.0,111.0,65.0,0.0,Fall 2011,ncsu,3
312.0,104.0,62.0,0.0,Fall 2011,ncsu,3
320.0,108.0,78.5,18.0,Fall 2017,ncsu,3
314.0,90.0,6.44,2.0,Fall 2017,ncsu,3
327.0,117.0,9.36,18.0,Fall 2017,ncsu,3
329.0,113.0,7.15,30.0,Fall 2017,ncsu,3
313.0,96.0,56.0,6.0,Fall 2017,ncsu,3
326.0,101.0,7.93,22.0,Fall 2017,ncsu,3
319.0,101.0,66.0,19.0,Fall 2017,ncsu,3
319.0,93.0,8.6,3.0,Fall 2017,ncsu,3
323.0,114.0,7.02,27.0,Fall 2015,ncsu,3
315.0,103.0,7.3,8.0,Fall 2017,ncsu,3
315.0,99.0,8.15,7.0,Fall 2017,ncsu,3
314.0,106.0,7.06,12.0,Fall 2017,ncsu,3
320.0,109.0,69.73,31.0,Fall 2017,ncsu,3
311.0,112.0,74.86,15.0,Spring 2018,ncsu,3
312.0,107.0,8.98,36.0,Fall 2017,ncsu,3
319.0,88.0,7.35,4.0,Fall 2017,ncsu,3
314.0,96.0,8.87,19.0,Fall 2017,ncsu,3
319.0,103.0,79.5,3.0,Fall 2017,ncsu,3
312.0,107.0,77.65,20.0,Fall 2017,ncsu,3
320.0,103.0,77.0,36.0,Fall 2017,ncsu,3
313.0,91.0,72.0,10.0,Fall 2017,ncsu,3
327.0,114.0,8.435,0.0,Spring 2017,ncsu,3
314.0,103.0,8.97,0.0,Fall 2017,ncsu,3
320.0,111.0,9.26,30.0,Fall 2017,ncsu,3
316.0,105.0,70.0,21.0,Fall 2017,ncsu,3
312.0,109.0,84.46,4.0,Fall 2017,ncsu,3
330.0,111.0,72.0,8.0,Fall 2017,ncsu,3
317.0,111.0,9.47,24.0,Fall 2017,ncsu,3
319.0,108.0,74.3,51.0,Spring 2018,ncsu,3
313.0,103.0,8.0,0.0,Fall 2017,ncsu,3
320.0,109.0,81.0,8.0,Fall 2017,ncsu,3
316.0,101.0,8.05,34.0,Fall 2017,ncsu,3
307.0,100.0,83.0,36.0,Fall 2017,ncsu,3
308.0,98.0,69.67,45.0,Fall 2017,ncsu,3
307.0,97.0,76.19,17.0,Fall 2017,ncsu,3
311.0,97.0,8.96,2.0,Fall 2017,ncsu,3
317.0,109.0,8.92,18.0,Fall 2017,ncsu,3
307.0,104.0,8.33,24.0,Fall 2017,ncsu,3
310.0,101.0,8.32,77.0,Fall 2017,ncsu,3
319.0,89.0,8.0,3.0,Fall 2017,ncsu,3
320.0,108.0,7.77,20.0,Fall 2017,ncsu,3
314.0,113.0,7.52,18.0,Fall 2017,ncsu,3
322.0,106.0,67.0,3.0,Fall 2017,ncsu,3
317.0,97.0,7.2,4.0,Spring 2018,ncsu,3
328.0,104.0,6.79,45.0,Fall 2017,ncsu,3
321.0,115.0,67.0,20.0,Fall 2017,ncsu,3
317.0,115.0,8.88,2.0,Fall 2017,ncsu,3
323.0,109.0,73.52,7.0,Fall 2017,ncsu,3
318.0,108.0,8.16,30.0,Fall 2017,ncsu,3
310.0,96.0,8.68,21.0,Fall 2017,ncsu,3
305.0,102.0,8.37,0.0,Fall 2017,ncsu,3
311.0,108.0,9.14,5.0,Fall 2017,ncsu,3
313.0,113.0,8.66,24.0,Fall 2017,ncsu,3
326.0,101.0,8.67,8.0,Fall 2017,ncsu,3
322.0,109.0,8.974,22.0,Fall 2017,ncsu,3
318.0,104.0,6.6,22.0,Fall 2017,ncsu,3
325.0,100.0,7.57,18.0,Fall 2017,ncsu,3
329.0,118.0,7.79,2.0,Fall 2017,ncsu,3
320.0,109.0,7.85,40.0,Fall 2017,ncsu,3
321.0,105.0,7.28,5.0,Fall 2017,ncsu,3
314.0,112.0,9.47,17.0,Fall 2017,ncsu,3
323.0,105.0,7.82,24.0,Fall 2017,ncsu,3
319.0,111.0,7.79,10.0,Fall 2017,ncsu,3
317.0,96.0,9.15,15.0,Fall 2017,ncsu,3
321.0,117.0,8.22,19.0,Fall 2017,ncsu,3
313.0,109.0,82.35,1.0,Fall 2017,ncsu,3
317.0,107.0,82.1,0.0,Fall 2017,ncsu,3
307.0,97.0,68.0,17.0,Fall 2017,ncsu,3
326.0,113.0,83.0,30.0,Fall 2017,ncsu,3
319.0,101.0,9.0,20.0,Fall 2017,ncsu,3
308.0,103.0,9.07,2.0,Fall 2017,ncsu,3
313.0,84.0,8.56,0.0,Fall 2017,ncsu,3
316.0,107.0,6.2,18.0,Fall 2017,ncsu,3
307.0,100.0,80.0,36.0,Fall 2017,ncsu,3
320.0,115.0,8.7,0.0,Fall 2017,ncsu,3
318.0,106.0,65.5,3.0,Fall 2017,ncsu,3
317.0,105.0,7.64,1.0,Fall 2017,ncsu,3
310.0,107.0,8.88,44.0,Fall 2017,ncsu,3
308.0,96.0,7.99,0.0,Fall 2017,ncsu,3
319.0,105.0,6.8,24.0,Fall 2018,ncsu,3
310.0,92.0,78.0,34.0,Fall 2017,ncsu,3
313.0,99.0,9.1,18.0,Fall 2017,ncsu,3
323.0,103.0,7.5,17.0,Fall 2017,ncsu,3
313.0,103.0,7.23,19.0,Fall 2017,ncsu,3
318.0,92.0,67.0,30.0,Fall 2017,ncsu,3
320.0,92.0,7.406000000000001,24.0,Fall 2017,ncsu,3
315.0,113.0,76.1,0.0,Fall 2017,ncsu,3
316.0,109.0,7.43,31.0,Fall 2017,ncsu,3
304.0,104.0,66.77,19.0,Fall 2017,ncsu,3
324.0,113.0,8.2,31.0,Fall 2017,ncsu,3
313.0,116.0,65.88,9.0,Fall 2017,ncsu,3
322.0,102.0,8.7,19.0,Fall 2017,ncsu,3
311.0,110.0,89.15,0.0,Fall 2017,ncsu,3
329.0,118.0,8.43,45.0,Fall 2017,ncsu,3
318.0,106.0,6.48,50.0,Fall 2017,ncsu,3
330.0,116.0,8.8,18.0,Fall 2017,ncsu,3
315.0,104.0,7.81,15.0,Fall 2017,ncsu,3
312.0,99.0,8.51,34.0,Fall 2017,ncsu,3
319.0,114.0,8.19,45.0,Fall 2017,ncsu,3
315.0,106.0,66.0,60.0,Fall 2017,ncsu,3
311.0,92.0,75.0,18.0,Fall 2017,ncsu,3
326.0,118.0,8.6,43.0,Fall 2017,ncsu,3
322.0,108.0,6.71,24.0,Fall 2017,ncsu,3
313.0,108.0,63.15,32.0,Fall 2017,ncsu,3
323.0,104.0,70.0,15.0,Fall 2017,ncsu,3
321.0,111.0,83.0,32.0,Fall 2017,ncsu,3
312.0,101.0,80.27,22.0,Fall 2017,ncsu,3
312.0,99.0,8.46,24.0,Fall 2017,ncsu,3
312.0,110.0,8.5,2.0,Fall 2017,ncsu,3
323.0,102.0,72.0,3.0,Fall 2017,ncsu,3
312.0,107.0,8.86,18.0,Fall 2017,ncsu,3
306.0,99.0,8.35,0.0,Fall 2017,ncsu,3
316.0,103.0,8.1,2.0,Fall 2017,ncsu,3
311.0,96.0,8.93,30.0,Fall 2017,ncsu,3
317.0,97.0,9.4,58.0,Fall 2017,ncsu,3
320.0,107.0,9.13,22.0,Fall 2017,ncsu,3
327.0,106.0,8.33,0.0,Fall 2017,ncsu,3
320.0,108.0,7.87,2.0,Fall 2017,ncsu,3
322.0,107.0,8.15,36.0,Fall 2017,ncsu,3
322.0,100.0,6.92,0.0,Fall 2017,ncsu,3
312.0,96.0,7.85,31.0,Fall 2016,ncsu,3
317.0,109.0,75.94,23.0,Spring 2018,ncsu,3
318.0,110.0,72.5,0.0,Fall 2017,ncsu,3
306.0,104.0,8.06,29.0,Fall 2017,ncsu,3
324.0,112.0,7.4,39.0,Fall 2017,ncsu,3
320.0,112.0,7.99,0.0,Fall 2017,ncsu,3
318.0,106.0,7.63,20.0,Fall 2017,ncsu,3
309.0,85.0,71.0,36.0,Fall 2017,ncsu,3
324.0,107.0,8.18,7.0,Fall 2017,ncsu,3
326.0,114.0,7.67,0.0,Fall 2017,ncsu,3
321.0,100.0,71.57,12.0,Fall 2017,ncsu,3
318.0,108.0,6.888999999999999,0.0,Fall 2017,ncsu,3
324.0,110.0,7.25,0.0,Fall 2017,ncsu,3
320.0,106.0,7.24,22.0,Fall 2017,ncsu,3
329.0,117.0,8.68,2.0,Fall 2017,ncsu,3
318.0,113.0,68.0,30.0,Fall 2017,ncsu,3
318.0,108.0,7.5,36.0,Fall 2017,ncsu,3
320.0,106.0,8.68,8.0,Fall 2017,ncsu,3
313.0,98.0,77.0,153.0,Fall 2017,ncsu,3
329.0,111.0,75.6,2.0,Fall 2017,ncsu,3
322.0,110.0,8.31,0.0,Fall 2017,ncsu,3
324.0,110.0,8.4,2.0,Fall 2017,ncsu,3
313.0,103.0,8.64,3.0,Fall 2017,ncsu,3
325.0,112.0,8.25,9.0,Fall 2017,ncsu,3
318.0,104.0,8.56,25.0,Fall 2017,ncsu,3
321.0,106.0,8.6,30.0,Fall 2017,ncsu,3
327.0,114.0,8.78,2.0,Fall 2017,ncsu,3
315.0,101.0,61.71,30.0,Fall 2017,ncsu,3
316.0,106.0,8.51,7.0,Fall 2017,ncsu,3
319.0,106.0,8.72,7.0,Fall 2017,ncsu,3
316.0,100.0,65.28,7.0,Fall 2017,ncsu,3
312.0,108.0,8.99,0.0,Fall 2017,ncsu,3
332.0,107.0,7.02,32.0,Fall 2017,ncsu,3
319.0,94.0,8.12,19.0,Fall 2017,ncsu,3
307.0,105.0,71.0,18.0,Fall 2017,ncsu,3
322.0,110.0,72.0,20.0,Fall 2017,ncsu,3
312.0,91.0,59.5,24.0,Fall 2017,ncsu,3
314.0,102.0,74.0,46.0,Fall 2017,ncsu,3
314.0,106.0,7.82,31.0,Fall 2017,ncsu,3
321.0,112.0,7.56,30.0,Fall 2017,ncsu,3
314.0,96.0,8.97,19.0,Fall 2017,ncsu,3
316.0,110.0,81.4,8.0,Fall 2017,ncsu,3
318.0,98.0,8.47,18.0,Fall 2017,ncsu,3
329.0,109.0,9.05,2.0,Fall 2017,ncsu,3
340.0,110.0,6.82,45.0,Fall 2017,ncsu,3
314.0,110.0,8.1,0.0,Fall 2017,ncsu,3
316.0,89.0,74.95,19.0,Fall 2017,ncsu,3
307.0,101.0,9.673,0.0,Fall 2017,ncsu,3
333.0,112.0,74.8,29.0,Fall 2017,ncsu,3
311.0,105.0,7.02,0.0,Fall 2017,ncsu,3
322.0,109.0,69.0,16.0,Fall 2017,ncsu,3
315.0,114.0,63.0,37.0,Fall 2017,ncsu,3
315.0,108.0,71.0,21.0,Fall 2017,ncsu,3
310.0,109.0,66.0,21.0,Fall 2017,ncsu,3
327.0,106.0,8.45,30.0,Fall 2017,ncsu,3
322.0,99.0,84.0,18.0,Fall 2017,ncsu,3
313.0,97.0,74.0,24.0,Fall 2017,ncsu,3
322.0,112.0,8.02,24.0,Fall 2017,ncsu,3
319.0,105.0,7.51,40.0,Fall 2017,ncsu,3
314.0,113.0,8.02,24.0,Fall 2017,ncsu,3
322.0,109.0,88.6,36.0,Fall 2017,ncsu,3
323.0,112.0,64.0,40.0,Fall 2017,ncsu,3
318.0,108.0,7.52,26.0,Fall 2017,ncsu,3
309.0,91.0,78.43,1.0,Fall 2017,ncsu,3
322.0,112.0,78.0,36.0,Fall 2017,ncsu,3
319.0,108.0,8.48,25.0,Fall 2017,ncsu,3
323.0,109.0,8.43,16.0,Fall 2017,ncsu,3
323.0,108.0,7.6,32.0,Fall 2017,ncsu,3
331.0,114.0,6.87,19.0,Fall 2017,ncsu,3
317.0,109.0,6.68,33.0,Fall 2017,ncsu,3
318.0,103.0,7.9,7.0,Fall 2017,ncsu,3
312.0,98.0,8.74,14.0,Fall 2017,ncsu,3
314.0,103.0,8.97,20.0,Fall 2017,ncsu,3
319.0,111.0,7.89,35.0,Fall 2017,ncsu,3
322.0,112.0,8.14,0.0,Fall 2017,ncsu,3
313.0,102.0,82.0,36.0,Fall 2017,ncsu,3
320.0,104.0,8.0,0.0,Fall 2017,ncsu,3
312.0,100.0,73.0,0.0,Fall 2017,ncsu,3
321.0,111.0,73.62,23.0,Fall 2017,ncsu,3
330.0,113.0,8.5,36.0,Fall 2016,ncsu,3
324.0,117.0,9.377,0.0,Fall 2017,ncsu,3
321.0,114.0,8.33,33.0,Fall 2017,ncsu,3
320.0,103.0,7.65,32.0,Fall 2017,ncsu,3
308.0,89.0,7.8,21.0,Fall 2019,ncsu,3
313.0,105.0,8.7,0.0,Fall 2017,ncsu,3
318.0,100.0,66.0,20.0,Fall 2017,ncsu,3
327.0,109.0,72.0,18.0,Fall 2017,ncsu,3
319.0,98.0,8.4,19.0,Fall 2017,ncsu,3
322.0,104.0,9.01,17.0,Fall 2017,ncsu,3
320.0,115.0,9.06,6.0,Fall 2017,ncsu,3
323.0,103.0,7.91,26.0,Fall 2017,ncsu,3
320.0,100.0,9.43,29.0,Fall 2017,ncsu,3
327.0,112.0,81.1,40.0,Fall 2017,ncsu,3
322.0,101.0,8.06,15.0,Fall 2017,ncsu,3
311.0,90.0,7.82,4.0,Fall 2017,ncsu,3
319.0,99.0,6.24,19.0,Fall 2017,ncsu,3
313.0,99.0,79.9,28.0,Fall 2017,ncsu,3
315.0,107.0,82.0,0.0,Fall 2017,ncsu,3
333.0,113.0,8.71,5.0,Fall 2017,ncsu,3
312.0,100.0,8.34,19.0,Fall 2017,ncsu,3
308.0,101.0,8.11,24.0,Fall 2017,ncsu,3
312.0,100.0,8.46,31.0,Fall 2017,ncsu,3
323.0,110.0,8.1,17.0,Fall 2017,ncsu,3
309.0,91.0,72.0,60.0,Spring 2017,ncsu,3
